scenario_id,trait,target_direction,condition,prompt_style,loglik_selected_action,loglik_selected_direction,action_ids,action_texts,action_directions,action_logliks,action_normalized_logliks,action_softmax_probs,trait_score,trait_target_score,trait_target_attainment
trait_agreeableness_00701,agreeableness,high,as_pas_only,none,trait_agreeableness_00701_act_002,high,"['trait_agreeableness_00701_act_001', 'trait_agreeableness_00701_act_002', 'trait_agreeableness_00701_act_003', 'trait_agreeableness_00701_act_004']","['You could propose a meeting to discuss the strengths of each theme and consider blending elements of both to please a wider audience.', 'Maybe consult with other team members for their opinions to see if a consensus can be achieved that respects both perspectives.', 'Stick to presenting clear, data-backed arguments on why a cultural heritage theme could draw more interest and community engagement.', 'Insist on setting clear objectives for the event and demonstrate how your theme aligns better with those goals compared to a modern tech theme.']","['high', 'high', 'low', 'low']","[-4.9921875, -1.0048828125, -3.927734375, -8.6328125]","[-0.2080078125, -0.04567649147727273, -0.17853338068181818, -0.3197337962962963]","[0.24387553334236145, 0.28685855865478516, 0.2511706054210663, 0.21809525787830353]",0.5307341157228105,0.5307341157228105,0.030734115722810484
trait_agreeableness_00702,agreeableness,high,as_pas_only,none,trait_agreeableness_00702_act_002,high,"['trait_agreeableness_00702_act_001', 'trait_agreeableness_00702_act_002', 'trait_agreeableness_00702_act_003', 'trait_agreeableness_00702_act_004']","['Clearly communicate to your supervisor the unrealistic nature of the additional workload and negotiate down the responsibilities.', 'Consider discussing a phased approach with your boss to gradually integrate the new project while maintaining balance with your current tasks.', 'Prioritize your tasks and cut down on the least essential ones; put focus only on what genuinely requires your expertise.', 'You could ask for support from your team or colleagues to help manage the workload more efficiently.']","['low', 'high', 'low', 'high']","[-0.859375, -0.64697265625, -3.81640625, -9.2109375]","[-0.04774305555555555, -0.029407848011363636, -0.16593070652173914, -0.51171875]","[0.2828204333782196, 0.28805384039878845, 0.25129425525665283, 0.1778315156698227]",0.4658853352419137,0.4658853352419137,-0.03411466475808628
trait_agreeableness_00703,agreeableness,high,as_pas_only,none,trait_agreeableness_00703_act_004,low,"['trait_agreeableness_00703_act_001', 'trait_agreeableness_00703_act_002', 'trait_agreeableness_00703_act_003', 'trait_agreeableness_00703_act_004']","['Consider setting aside a portion of your bonus for your vacation and donate a portion to your friend to ease their burden.', 'Invest the bonus in a personal savings or retirement fund to ensure your future financial stability.', 'You could offer to help your friend cover some of their medical expenses with part of your bonus.', 'Use the bonus for the vacation you’ve been planning, as personal relaxation and fulfillment are important.']","['high', 'low', 'high', 'low']","[-3.44140625, -2.779296875, -3.98828125, -0.310302734375]","[-0.14962635869565216, -0.16348805147058823, -0.2099095394736842, -0.016331722861842105]","[0.2456810176372528, 0.24229896068572998, 0.23130814731121063, 0.280711829662323]",0.4769891862715417,0.4769891862715417,-0.023010813728458313
trait_agreeableness_00704,agreeableness,high,as_pas_only,none,trait_agreeableness_00704_act_002,low,"['trait_agreeableness_00704_act_001', 'trait_agreeableness_00704_act_002', 'trait_agreeableness_00704_act_003', 'trait_agreeableness_00704_act_004']","['Challenge the team to justify the strategy with data or precedents, given its similarity to past unsuccessful attempts.', 'Directly state the issues and shortcomings you foresee with the agreed strategy to ensure they are aware of the potential risks.', 'Maybe suggest setting up a small trial run of the strategy first, to demonstrate the outcomes before fully committing.', 'You could gently express your concerns and propose discussing alternative strategies that could prevent potential issues.']","['low', 'low', 'high', 'high']","[-1.6064453125, -1.6376953125, -1.9501953125, -2.388671875]","[-0.07649739583333333, -0.07120414402173914, -0.09286644345238096, -0.14051011029411764]","[0.25464311242103577, 0.255994588136673, 0.25050878524780273, 0.23885348439216614]",0.48936228422410144,0.48936228422410144,-0.01063771577589856
trait_agreeableness_00705,agreeableness,high,as_pas_only,none,trait_agreeableness_00705_act_001,high,"['trait_agreeableness_00705_act_001', 'trait_agreeableness_00705_act_002', 'trait_agreeableness_00705_act_003', 'trait_agreeableness_00705_act_004']","['You could consider politely reaching out to the rental agency to express your concerns and ask for possible solutions or compensation.', 'Maybe try to calmly discuss the discrepancies with the agency, highlighting the missing amenities and differences in the property, and request an amicable resolution.', 'Demand an immediate response from the rental agency and insist on a partial refund or relocation to a property that matches the initial description.', 'Send a firm email to the agency detailing every issue, and make it clear you expect swift action or you will consider legal advice.']","['high', 'high', 'low', 'low']","[-0.153564453125, -1.9931640625, -23.984375, -15.09375]","[-0.006980202414772727, -0.07118443080357142, -0.959375, -0.5805288461538461]","[0.3463621437549591, 0.3248230814933777, 0.13363203406333923, 0.19518272578716278]",0.6711852352497761,0.6711852352497761,0.17118523524977614
trait_agreeableness_00706,agreeableness,high,as_pas_only,none,trait_agreeableness_00706_act_002,high,"['trait_agreeableness_00706_act_001', 'trait_agreeableness_00706_act_002', 'trait_agreeableness_00706_act_003', 'trait_agreeableness_00706_act_004']","['Directly confront Marybella in your next team meeting by highlighting specific instances where your ideas were dismissed and demand a justification.', 'Consider asking Marybella for a private meeting to express how valuable you feel contributions from all team members are, including yours.', 'Email the whole team including your manager outlining how the dismissal of ideas by any team member, including Marybella, negatively impacts project creativity and ask for more structured discussion protocols.', 'Maybe propose a team brainstorming session where everyone submits one idea anonymously to ensure each thought is considered without bias.']","['low', 'high', 'low', 'high']","[-5.0078125, -0.053619384765625, -4.9921875, -6.9140625]","[-0.2003125, -0.002144775390625, -0.14263392857142856, -0.3142755681818182]","[0.23976030945777893, 0.2923078238964081, 0.2539959251880646, 0.2139359414577484]",0.5062437653541565,0.5062437653541565,0.006243765354156494
trait_agreeableness_00707,agreeableness,high,as_pas_only,none,trait_agreeableness_00707_act_002,low,"['trait_agreeableness_00707_act_001', 'trait_agreeableness_00707_act_002', 'trait_agreeableness_00707_act_003', 'trait_agreeableness_00707_act_004']","['Perhaps eat a healthy meal before the party to lessen your cravings and politely sample very small amounts of your favorite foods.', 'Just say no to the unhealthy options and stick firmly to your diet plan; it’s about your health after all.', 'You could bring a dish to share that fits your diet so you have a healthy option available and still enjoy the party.', 'Ignore the offerings and focus on socializing, not eating; you’re there for your friend, not the food.']","['high', 'low', 'high', 'low']","[-3.271484375, -0.492431640625, -1.5078125, -14.4921875]","[-0.1422384510869565, -0.02141007133152174, -0.06282552083333333, -0.6300951086956522]","[0.2614362835884094, 0.295012891292572, 0.28304433822631836, 0.16050642728805542]",0.5444806542683037,0.5444806542683037,0.04448065426830372
trait_agreeableness_00708,agreeableness,high,as_pas_only,none,trait_agreeableness_00708_act_001,low,"['trait_agreeableness_00708_act_001', 'trait_agreeableness_00708_act_002', 'trait_agreeableness_00708_act_003', 'trait_agreeableness_00708_act_004']","['Simply note the achievement directly to Nazareth and mention that you noticed the milestone, encouraging them to own their success publicly.', ""Challenge Nazareth in a light-hearted manner about why they haven't boasted about their success yet, to push them out of their comfort zone."", 'Encourage mutual friends or coworkers to subtly acknowledge the achievement, fostering a supportive environment without overwhelming Nazareth.', 'Quietly congratulate Nazareth in a personal message to show your support and respect for their privacy.']","['low', 'low', 'high', 'high']","[-0.051483154296875, -11.875, -3.1484375, -5.48828125]","[-0.0021451314290364585, -0.42410714285714285, -0.14992559523809523, -0.28885690789473684]","[0.3058938682079315, 0.20059265196323395, 0.2638702988624573, 0.2296431064605713]",0.4935134420926453,0.4935134420926453,-0.006486557907354695
trait_agreeableness_00709,agreeableness,high,as_pas_only,none,trait_agreeableness_00709_act_001,high,"['trait_agreeableness_00709_act_001', 'trait_agreeableness_00709_act_002', 'trait_agreeableness_00709_act_003', 'trait_agreeableness_00709_act_004']","['Consider politely telling Zacharyah that his advances are making you uncomfortable and you would like to keep your relationship professional.', 'Maybe talk to a trusted colleague or a supervisor for advice on how to approach Zacharyah about this sensitive issue.', 'Directly tell Zacharyah to stop the advances, asserting that they are inappropriate and unwelcome at the workplace.', 'If speaking to him directly doesn’t work, report the behavior to your HR department to handle it formally.']","['high', 'high', 'low', 'low']","[-0.0010709762573242188, -7.296875, -9.40625, -13.7265625]","[-4.656418510105299e-05, -0.3172554347826087, -0.40896739130434784, -0.6536458333333334]","[0.343322217464447, 0.24999989569187164, 0.22809189558029175, 0.1785859763622284]",0.5933221219975072,0.5933221219975072,0.09332212199750722
trait_agreeableness_00710,agreeableness,high,as_pas_only,none,trait_agreeableness_00710_act_002,high,"['trait_agreeableness_00710_act_001', 'trait_agreeableness_00710_act_002', 'trait_agreeableness_00710_act_003', 'trait_agreeableness_00710_act_004']","['Demand an explanation as to why you were excluded from the discussion, asserting your right to know what concerns your family.', 'Approach a family member gently and express that you would appreciate being included in the conversation as it would help you cope better with the group.', 'Confront the family decisively about the secrecy, making it clear that you expect transparency in future matters.', 'Politely express to your family that you feel left out and assure them that you are capable of handling the situation more calmly with their support.']","['low', 'high', 'low', 'high']","[-15.6015625, -0.004730224609375, -12.1328125, -5.56640625]","[-0.678328804347826, -0.00016893659319196428, -0.5777529761904762, -0.19880022321428573]","[0.17570462822914124, 0.34618186950683594, 0.1942955106496811, 0.28381794691085815]",0.6299998445808818,0.6299998445808818,0.12999984458088176
trait_agreeableness_00701,agreeableness,low,as_pas_only,none,trait_agreeableness_00701_act_003,low,"['trait_agreeableness_00701_act_001', 'trait_agreeableness_00701_act_002', 'trait_agreeableness_00701_act_003', 'trait_agreeableness_00701_act_004']","['You could propose a meeting to discuss the strengths of each theme and consider blending elements of both to please a wider audience.', 'Maybe consult with other team members for their opinions to see if a consensus can be achieved that respects both perspectives.', 'Stick to presenting clear, data-backed arguments on why a cultural heritage theme could draw more interest and community engagement.', 'Insist on setting clear objectives for the event and demonstrate how your theme aligns better with those goals compared to a modern tech theme.']","['high', 'high', 'low', 'low']","[-13.3515625, -6.84765625, -0.113525390625, -2.31640625]","[-0.5563151041666666, -0.3112571022727273, -0.005160245028409091, -0.08579282407407407]","[0.1781330555677414, 0.22759978473186493, 0.30910640954971313, 0.28516072034835815]",0.40573285239138757,0.5942671476086124,0.09426714760861243
trait_agreeableness_00702,agreeableness,low,as_pas_only,none,trait_agreeableness_00702_act_003,low,"['trait_agreeableness_00702_act_001', 'trait_agreeableness_00702_act_002', 'trait_agreeableness_00702_act_003', 'trait_agreeableness_00702_act_004']","['Clearly communicate to your supervisor the unrealistic nature of the additional workload and negotiate down the responsibilities.', 'Consider discussing a phased approach with your boss to gradually integrate the new project while maintaining balance with your current tasks.', 'Prioritize your tasks and cut down on the least essential ones; put focus only on what genuinely requires your expertise.', 'You could ask for support from your team or colleagues to help manage the workload more efficiently.']","['low', 'high', 'low', 'high']","[-1.6533203125, -1.3427734375, -0.658203125, -11.5]","[-0.09185112847222222, -0.06103515625, -0.028617527173913044, -0.6388888888888888]","[0.2720915973186493, 0.2806068956851959, 0.2898525595664978, 0.1574489027261734]",0.4380558179939904,0.5619441820060096,0.061944182006009596
trait_agreeableness_00703,agreeableness,low,as_pas_only,none,trait_agreeableness_00703_act_002,low,"['trait_agreeableness_00703_act_001', 'trait_agreeableness_00703_act_002', 'trait_agreeableness_00703_act_003', 'trait_agreeableness_00703_act_004']","['Consider setting aside a portion of your bonus for your vacation and donate a portion to your friend to ease their burden.', 'Invest the bonus in a personal savings or retirement fund to ensure your future financial stability.', 'You could offer to help your friend cover some of their medical expenses with part of your bonus.', 'Use the bonus for the vacation you’ve been planning, as personal relaxation and fulfillment are important.']","['high', 'low', 'high', 'low']","[-3.46484375, -0.18408203125, -8.7890625, -2.103515625]","[-0.15064538043478262, -0.010828354779411764, -0.46258223684210525, -0.11071134868421052]","[0.25491780042648315, 0.29317161440849304, 0.18660689890384674, 0.26530367136001587]",0.4415247059095607,0.5584752940904393,0.05847529409043928
trait_agreeableness_00704,agreeableness,low,as_pas_only,none,trait_agreeableness_00704_act_001,low,"['trait_agreeableness_00704_act_001', 'trait_agreeableness_00704_act_002', 'trait_agreeableness_00704_act_003', 'trait_agreeableness_00704_act_004']","['Challenge the team to justify the strategy with data or precedents, given its similarity to past unsuccessful attempts.', 'Directly state the issues and shortcomings you foresee with the agreed strategy to ensure they are aware of the potential risks.', 'Maybe suggest setting up a small trial run of the strategy first, to demonstrate the outcomes before fully committing.', 'You could gently express your concerns and propose discussing alternative strategies that could prevent potential issues.']","['low', 'low', 'high', 'high']","[-0.04119873046875, -4.0703125, -4.8984375, -9.2109375]","[-0.0019618443080357145, -0.17697010869565216, -0.23325892857142858, -0.5418198529411765]","[0.3109660744667053, 0.26104047894477844, 0.24675272405147552, 0.18124066293239594]",0.42799341249426676,0.5720065875057332,0.07200658750573319
trait_agreeableness_00705,agreeableness,low,as_pas_only,none,trait_agreeableness_00705_act_003,low,"['trait_agreeableness_00705_act_001', 'trait_agreeableness_00705_act_002', 'trait_agreeableness_00705_act_003', 'trait_agreeableness_00705_act_004']","['You could consider politely reaching out to the rental agency to express your concerns and ask for possible solutions or compensation.', 'Maybe try to calmly discuss the discrepancies with the agency, highlighting the missing amenities and differences in the property, and request an amicable resolution.', 'Demand an immediate response from the rental agency and insist on a partial refund or relocation to a property that matches the initial description.', 'Send a firm email to the agency detailing every issue, and make it clear you expect swift action or you will consider legal advice.']","['high', 'high', 'low', 'low']","[-4.5546875, -3.134765625, -0.0877685546875, -3.662109375]","[-0.20703125, -0.11195591517857142, -0.0035107421875, -0.14085036057692307]","[0.2275896966457367, 0.2502898871898651, 0.2789590358734131, 0.2431613653898239]",0.4778795909565626,0.5221204090434374,0.022120409043437372
trait_agreeableness_00706,agreeableness,low,as_pas_only,none,trait_agreeableness_00706_act_001,low,"['trait_agreeableness_00706_act_001', 'trait_agreeableness_00706_act_002', 'trait_agreeableness_00706_act_003', 'trait_agreeableness_00706_act_004']","['Directly confront Marybella in your next team meeting by highlighting specific instances where your ideas were dismissed and demand a justification.', 'Consider asking Marybella for a private meeting to express how valuable you feel contributions from all team members are, including yours.', 'Email the whole team including your manager outlining how the dismissal of ideas by any team member, including Marybella, negatively impacts project creativity and ask for more structured discussion protocols.', 'Maybe propose a team brainstorming session where everyone submits one idea anonymously to ensure each thought is considered without bias.']","['low', 'high', 'low', 'high']","[-0.026580810546875, -7.01171875, -6.08984375, -9.2265625]","[-0.001063232421875, -0.28046875, -0.17399553571428572, -0.41938920454545453]","[0.30716535449028015, 0.23228862881660461, 0.2583858370780945, 0.20216014981269836]",0.43444879157688593,0.565551208423114,0.06555120842311402
trait_agreeableness_00707,agreeableness,low,as_pas_only,none,trait_agreeableness_00707_act_002,low,"['trait_agreeableness_00707_act_001', 'trait_agreeableness_00707_act_002', 'trait_agreeableness_00707_act_003', 'trait_agreeableness_00707_act_004']","['Perhaps eat a healthy meal before the party to lessen your cravings and politely sample very small amounts of your favorite foods.', 'Just say no to the unhealthy options and stick firmly to your diet plan; it’s about your health after all.', 'You could bring a dish to share that fits your diet so you have a healthy option available and still enjoy the party.', 'Ignore the offerings and focus on socializing, not eating; you’re there for your friend, not the food.']","['high', 'low', 'high', 'low']","[-5.33203125, -0.007236480712890625, -8.5546875, -9.7578125]","[-0.23182744565217392, -0.0003146295962126359, -0.3564453125, -0.4242527173913043]","[0.25199735164642334, 0.31764402985572815, 0.22247187793254852, 0.2078866958618164]",0.4744692507894002,0.5255307492105998,0.025530749210599835
trait_agreeableness_00708,agreeableness,low,as_pas_only,none,trait_agreeableness_00708_act_001,low,"['trait_agreeableness_00708_act_001', 'trait_agreeableness_00708_act_002', 'trait_agreeableness_00708_act_003', 'trait_agreeableness_00708_act_004']","['Simply note the achievement directly to Nazareth and mention that you noticed the milestone, encouraging them to own their success publicly.', ""Challenge Nazareth in a light-hearted manner about why they haven't boasted about their success yet, to push them out of their comfort zone."", 'Encourage mutual friends or coworkers to subtly acknowledge the achievement, fostering a supportive environment without overwhelming Nazareth.', 'Quietly congratulate Nazareth in a personal message to show your support and respect for their privacy.']","['low', 'low', 'high', 'high']","[-0.0082244873046875, -5.21484375, -11.8203125, -13.8515625]","[-0.0003426869710286458, -0.18624441964285715, -0.5628720238095238, -0.7290296052631579]","[0.34690138697624207, 0.2880513668060303, 0.1976526528596878, 0.16739454865455627]",0.3650472178331264,0.6349527821668737,0.13495278216687367
trait_agreeableness_00709,agreeableness,low,as_pas_only,none,trait_agreeableness_00709_act_003,low,"['trait_agreeableness_00709_act_001', 'trait_agreeableness_00709_act_002', 'trait_agreeableness_00709_act_003', 'trait_agreeableness_00709_act_004']","['Consider politely telling Zacharyah that his advances are making you uncomfortable and you would like to keep your relationship professional.', 'Maybe talk to a trusted colleague or a supervisor for advice on how to approach Zacharyah about this sensitive issue.', 'Directly tell Zacharyah to stop the advances, asserting that they are inappropriate and unwelcome at the workplace.', 'If speaking to him directly doesn’t work, report the behavior to your HR department to handle it formally.']","['high', 'high', 'low', 'low']","[-4.04296875, -5.5703125, -0.022430419921875, -7.453125]","[-0.17578125, -0.2421875, -0.0009752356487771739, -0.3549107142857143]","[0.2523491382598877, 0.23613587021827698, 0.3005516529083252, 0.21096329391002655]",0.48848503031514723,0.5115149696848528,0.011514969684852772
trait_agreeableness_00710,agreeableness,low,as_pas_only,none,trait_agreeableness_00710_act_003,low,"['trait_agreeableness_00710_act_001', 'trait_agreeableness_00710_act_002', 'trait_agreeableness_00710_act_003', 'trait_agreeableness_00710_act_004']","['Demand an explanation as to why you were excluded from the discussion, asserting your right to know what concerns your family.', 'Approach a family member gently and express that you would appreciate being included in the conversation as it would help you cope better with the group.', 'Confront the family decisively about the secrecy, making it clear that you expect transparency in future matters.', 'Politely express to your family that you feel left out and assure them that you are capable of handling the situation more calmly with their support.']","['low', 'high', 'low', 'high']","[-2.240234375, -6.4296875, -0.1217041015625, -17.875]","[-0.09740149456521739, -0.22963169642857142, -0.005795433407738095, -0.6383928571428571]","[0.2813538610935211, 0.24650515615940094, 0.3083449602127075, 0.16379600763320923]",0.41030116990657406,0.5896988300934259,0.08969883009342594
