scenario_id,trait,target_direction,condition,prompt_style,raw,valid_actions,action_directions_json
trait_agreeableness_00701,agreeableness,high,baseline,none,"[Speech] Perhaps we should seek input from others to balance our ideas and ensure everyone's voice is heard.
<Action>trait_agreeableness_00701_act_002</Action>",trait_agreeableness_00701_act_001|trait_agreeableness_00701_act_002|trait_agreeableness_00701_act_003|trait_agreeableness_00701_act_004,"{""trait_agreeableness_00701_act_001"": ""high"", ""trait_agreeableness_00701_act_002"": ""high"", ""trait_agreeableness_00701_act_003"": ""low"", ""trait_agreeableness_00701_act_004"": ""low""}"
trait_agreeableness_00702,agreeableness,high,baseline,none,"[Speech] Short-term sacrifice for long-term success; let's handle this new project carefully.
<Action>trait_agreeableness_00702_act_002</Action>",trait_agreeableness_00702_act_001|trait_agreeableness_00702_act_002|trait_agreeableness_00702_act_003|trait_agreeableness_00702_act_004,"{""trait_agreeableness_00702_act_001"": ""low"", ""trait_agreeableness_00702_act_002"": ""high"", ""trait_agreeableness_00702_act_003"": ""low"", ""trait_agreeableness_00702_act_004"": ""high""}"
trait_agreeableness_00703,agreeableness,high,baseline,none,"[Speech] Consider setting aside a portion of your bonus for your vacation and donate a portion to your friend to ease their burden.
<Action>trait_agreeableness_00703_act_001</Action>",trait_agreeableness_00703_act_001|trait_agreeableness_00703_act_002|trait_agreeableness_00703_act_003|trait_agreeableness_00703_act_004,"{""trait_agreeableness_00703_act_001"": ""high"", ""trait_agreeableness_00703_act_002"": ""low"", ""trait_agreeableness_00703_act_003"": ""high"", ""trait_agreeableness_00703_act_004"": ""low""}"
trait_agreeableness_00704,agreeableness,high,baseline,none,"[Speech] I understand the benefits of cooperation, but let's not overlook the importance of individual input and feedback.
<Action>trait_agreeableness_00704_act_004</Action>",trait_agreeableness_00704_act_001|trait_agreeableness_00704_act_002|trait_agreeableness_00704_act_003|trait_agreeableness_00704_act_004,"{""trait_agreeableness_00704_act_001"": ""low"", ""trait_agreeableness_00704_act_002"": ""low"", ""trait_agreeableness_00704_act_003"": ""high"", ""trait_agreeableness_00704_act_004"": ""high""}"
trait_agreeableness_00705,agreeableness,high,baseline,none,"[Speech] It seems wise to maintain a cooperative tone while still ensuring our rights are respected.
<Action>trait_agreeableness_00705_act_002</Action>",trait_agreeableness_00705_act_001|trait_agreeableness_00705_act_002|trait_agreeableness_00705_act_003|trait_agreeableness_00705_act_004,"{""trait_agreeableness_00705_act_001"": ""high"", ""trait_agreeableness_00705_act_002"": ""high"", ""trait_agreeableness_00705_act_003"": ""low"", ""trait_agreeableness_00705_act_004"": ""low""}"
trait_agreeableness_00706,agreeableness,high,baseline,none,"[Speech] Let's discuss how we can improve our communication to avoid such situations in the future.
<Action>trait_agreeableness_00706_act_002</Action>",trait_agreeableness_00706_act_001|trait_agreeableness_00706_act_002|trait_agreeableness_00706_act_003|trait_agreeableness_00706_act_004,"{""trait_agreeableness_00706_act_001"": ""low"", ""trait_agreeableness_00706_act_002"": ""high"", ""trait_agreeableness_00706_act_003"": ""low"", ""trait_agreeableness_00706_act_004"": ""high""}"
trait_agreeableness_00707,agreeableness,high,baseline,none,"[Speech] Perhaps eat a healthy meal before the party to lessen your cravings and politely sample very small amounts of your favorite foods.
<Action>trait_agreeableness_00707_act_001</Action>",trait_agreeableness_00707_act_001|trait_agreeableness_00707_act_002|trait_agreeableness_00707_act_003|trait_agreeableness_00707_act_004,"{""trait_agreeableness_00707_act_001"": ""high"", ""trait_agreeableness_00707_act_002"": ""low"", ""trait_agreeableness_00707_act_003"": ""high"", ""trait_agreeableness_00707_act_004"": ""low""}"
trait_agreeableness_00708,agreeableness,high,baseline,none,"[Speech] Short dialogue, let's celebrate this together!
<Action>trait_agreeableness_00708_act_001</Action>",trait_agreeableness_00708_act_001|trait_agreeableness_00708_act_002|trait_agreeableness_00708_act_003|trait_agreeableness_00708_act_004,"{""trait_agreeableness_00708_act_001"": ""low"", ""trait_agreeableness_00708_act_002"": ""low"", ""trait_agreeableness_00708_act_003"": ""high"", ""trait_agreeableness_00708_act_004"": ""high""}"
trait_agreeableness_00709,agreeableness,high,baseline,none,"[Speech] Short dialogue: I appreciate your concern, but I need to set clear boundaries now.
<Action>trait_agreeableness_00709_act_001</Action>",trait_agreeableness_00709_act_001|trait_agreeableness_00709_act_002|trait_agreeableness_00709_act_003|trait_agreeableness_00709_act_004,"{""trait_agreeableness_00709_act_001"": ""high"", ""trait_agreeableness_00709_act_002"": ""high"", ""trait_agreeableness_00709_act_003"": ""low"", ""trait_agreeableness_00709_act_004"": ""low""}"
trait_agreeableness_00710,agreeableness,high,baseline,none,"[Speech] Short dialogue: ""I need to understand why I was kept in the dark. This feels like a breach of trust.""
<Action>trait_agreeableness_00710_act_001</Action>",trait_agreeableness_00710_act_001|trait_agreeableness_00710_act_002|trait_agreeableness_00710_act_003|trait_agreeableness_00710_act_004,"{""trait_agreeableness_00710_act_001"": ""low"", ""trait_agreeableness_00710_act_002"": ""high"", ""trait_agreeableness_00710_act_003"": ""low"", ""trait_agreeableness_00710_act_004"": ""high""}"
trait_agreeableness_00701,agreeableness,low,baseline,none,"[Speech] Perhaps we should seek input from others to balance our ideas and ensure everyone's voice is heard.
<Action>trait_agreeableness_00701_act_002</Action>",trait_agreeableness_00701_act_001|trait_agreeableness_00701_act_002|trait_agreeableness_00701_act_003|trait_agreeableness_00701_act_004,"{""trait_agreeableness_00701_act_001"": ""high"", ""trait_agreeableness_00701_act_002"": ""high"", ""trait_agreeableness_00701_act_003"": ""low"", ""trait_agreeableness_00701_act_004"": ""low""}"
trait_agreeableness_00702,agreeableness,low,baseline,none,"[Speech] Short-term sacrifice for long-term success; let's handle this new project carefully.
<Action>trait_agreeableness_00702_act_002</Action>",trait_agreeableness_00702_act_001|trait_agreeableness_00702_act_002|trait_agreeableness_00702_act_003|trait_agreeableness_00702_act_004,"{""trait_agreeableness_00702_act_001"": ""low"", ""trait_agreeableness_00702_act_002"": ""high"", ""trait_agreeableness_00702_act_003"": ""low"", ""trait_agreeableness_00702_act_004"": ""high""}"
trait_agreeableness_00703,agreeableness,low,baseline,none,"[Speech] Consider setting aside a portion of your bonus for your vacation and donate a portion to your friend to ease their burden.
<Action>trait_agreeableness_00703_act_001</Action>",trait_agreeableness_00703_act_001|trait_agreeableness_00703_act_002|trait_agreeableness_00703_act_003|trait_agreeableness_00703_act_004,"{""trait_agreeableness_00703_act_001"": ""high"", ""trait_agreeableness_00703_act_002"": ""low"", ""trait_agreeableness_00703_act_003"": ""high"", ""trait_agreeableness_00703_act_004"": ""low""}"
trait_agreeableness_00704,agreeableness,low,baseline,none,"[Speech] I understand the benefits of cooperation, but let's not overlook the importance of individual input and feedback.
<Action>trait_agreeableness_00704_act_004</Action>",trait_agreeableness_00704_act_001|trait_agreeableness_00704_act_002|trait_agreeableness_00704_act_003|trait_agreeableness_00704_act_004,"{""trait_agreeableness_00704_act_001"": ""low"", ""trait_agreeableness_00704_act_002"": ""low"", ""trait_agreeableness_00704_act_003"": ""high"", ""trait_agreeableness_00704_act_004"": ""high""}"
trait_agreeableness_00705,agreeableness,low,baseline,none,"[Speech] It seems wise to maintain a cooperative tone while still ensuring our rights are respected.
<Action>trait_agreeableness_00705_act_002</Action>",trait_agreeableness_00705_act_001|trait_agreeableness_00705_act_002|trait_agreeableness_00705_act_003|trait_agreeableness_00705_act_004,"{""trait_agreeableness_00705_act_001"": ""high"", ""trait_agreeableness_00705_act_002"": ""high"", ""trait_agreeableness_00705_act_003"": ""low"", ""trait_agreeableness_00705_act_004"": ""low""}"
trait_agreeableness_00706,agreeableness,low,baseline,none,"[Speech] Let's discuss how we can improve our communication to avoid such situations in the future.
<Action>trait_agreeableness_00706_act_002</Action>",trait_agreeableness_00706_act_001|trait_agreeableness_00706_act_002|trait_agreeableness_00706_act_003|trait_agreeableness_00706_act_004,"{""trait_agreeableness_00706_act_001"": ""low"", ""trait_agreeableness_00706_act_002"": ""high"", ""trait_agreeableness_00706_act_003"": ""low"", ""trait_agreeableness_00706_act_004"": ""high""}"
trait_agreeableness_00707,agreeableness,low,baseline,none,"[Speech] Perhaps eat a healthy meal before the party to lessen your cravings and politely sample very small amounts of your favorite foods.
<Action>trait_agreeableness_00707_act_001</Action>",trait_agreeableness_00707_act_001|trait_agreeableness_00707_act_002|trait_agreeableness_00707_act_003|trait_agreeableness_00707_act_004,"{""trait_agreeableness_00707_act_001"": ""high"", ""trait_agreeableness_00707_act_002"": ""low"", ""trait_agreeableness_00707_act_003"": ""high"", ""trait_agreeableness_00707_act_004"": ""low""}"
trait_agreeableness_00708,agreeableness,low,baseline,none,"[Speech] Short dialogue, let's celebrate this together!
<Action>trait_agreeableness_00708_act_001</Action>",trait_agreeableness_00708_act_001|trait_agreeableness_00708_act_002|trait_agreeableness_00708_act_003|trait_agreeableness_00708_act_004,"{""trait_agreeableness_00708_act_001"": ""low"", ""trait_agreeableness_00708_act_002"": ""low"", ""trait_agreeableness_00708_act_003"": ""high"", ""trait_agreeableness_00708_act_004"": ""high""}"
trait_agreeableness_00709,agreeableness,low,baseline,none,"[Speech] Short dialogue: I appreciate your concern, but I need to set clear boundaries now.
<Action>trait_agreeableness_00709_act_001</Action>",trait_agreeableness_00709_act_001|trait_agreeableness_00709_act_002|trait_agreeableness_00709_act_003|trait_agreeableness_00709_act_004,"{""trait_agreeableness_00709_act_001"": ""high"", ""trait_agreeableness_00709_act_002"": ""high"", ""trait_agreeableness_00709_act_003"": ""low"", ""trait_agreeableness_00709_act_004"": ""low""}"
trait_agreeableness_00710,agreeableness,low,baseline,none,"[Speech] Short dialogue: ""I need to understand why I was kept in the dark. This feels like a breach of trust.""
<Action>trait_agreeableness_00710_act_001</Action>",trait_agreeableness_00710_act_001|trait_agreeableness_00710_act_002|trait_agreeableness_00710_act_003|trait_agreeableness_00710_act_004,"{""trait_agreeableness_00710_act_001"": ""low"", ""trait_agreeableness_00710_act_002"": ""high"", ""trait_agreeableness_00710_act_003"": ""low"", ""trait_agreeableness_00710_act_004"": ""high""}"
trait_agreeableness_00701,agreeableness,high,one_line_prompt,one_line,"[Speech] Short dialogue: Perhaps we could gather input from all sides and find a middle ground that benefits everyone.
<Action>trait_agreeableness_00701_act_002</Action>",trait_agreeableness_00701_act_001|trait_agreeableness_00701_act_002|trait_agreeableness_00701_act_003|trait_agreeableness_00701_act_004,"{""trait_agreeableness_00701_act_001"": ""high"", ""trait_agreeableness_00701_act_002"": ""high"", ""trait_agreeableness_00701_act_003"": ""low"", ""trait_agreeableness_00701_act_004"": ""low""}"
trait_agreeableness_00702,agreeableness,high,one_line_prompt,one_line,"[Speech] Short dialogue here: Considering the importance of teamwork, it might be best to discuss this with my peers first before making a final decision.
<Action>trait_agreeableness_00702_act_004</Action>",trait_agreeableness_00702_act_001|trait_agreeableness_00702_act_002|trait_agreeableness_00702_act_003|trait_agreeableness_00702_act_004,"{""trait_agreeableness_00702_act_001"": ""low"", ""trait_agreeableness_00702_act_002"": ""high"", ""trait_agreeableness_00702_act_003"": ""low"", ""trait_agreeableness_00702_act_004"": ""high""}"
trait_agreeableness_00703,agreeableness,high,one_line_prompt,one_line,"[Speech] Short vacations can be rejuvenating; perhaps we could plan one together?
<Action>trait_agreeableness_00703_act_004</Action>",trait_agreeableness_00703_act_001|trait_agreeableness_00703_act_002|trait_agreeableness_00703_act_003|trait_agreeableness_00703_act_004,"{""trait_agreeableness_00703_act_001"": ""high"", ""trait_agreeableness_00703_act_002"": ""low"", ""trait_agreeableness_00703_act_003"": ""high"", ""trait_agreeableness_00703_act_004"": ""low""}"
trait_agreeableness_00704,agreeableness,high,one_line_prompt,one_line,"[Speech] I understand we're all working together, but perhaps we could discuss how our collective goals align with my personal insights as well.
<Action>trait_agreeableness_00704_act_004</Action>",trait_agreeableness_00704_act_001|trait_agreeableness_00704_act_002|trait_agreeableness_00704_act_003|trait_agreeableness_00704_act_004,"{""trait_agreeableness_00704_act_001"": ""low"", ""trait_agreeableness_00704_act_002"": ""low"", ""trait_agreeableness_00704_act_003"": ""high"", ""trait_agreeableness_00704_act_004"": ""high""}"
trait_agreeableness_00705,agreeableness,high,one_line_prompt,one_line,"[Speech] I think it's important to communicate clearly and respectfully, but also to ensure our rights are protected.  
<Action>trait_agreeableness_00705_act_002</Action>",trait_agreeableness_00705_act_001|trait_agreeableness_00705_act_002|trait_agreeableness_00705_act_003|trait_agreeableness_00705_act_004,"{""trait_agreeableness_00705_act_001"": ""high"", ""trait_agreeableness_00705_act_002"": ""high"", ""trait_agreeableness_00705_act_003"": ""low"", ""trait_agreeableness_00705_act_004"": ""low""}"
trait_agreeableness_00706,agreeableness,high,one_line_prompt,one_line,"[Speech] Let's talk about how we can improve our collaboration and make sure everyone's ideas are valued.
<Action>trait_agreeableness_00706_act_002</Action>",trait_agreeableness_00706_act_001|trait_agreeableness_00706_act_002|trait_agreeableness_00706_act_003|trait_agreeableness_00706_act_004,"{""trait_agreeableness_00706_act_001"": ""low"", ""trait_agreeableness_00706_act_002"": ""high"", ""trait_agreeableness_00706_act_003"": ""low"", ""trait_agreeableness_00706_act_004"": ""high""}"
trait_agreeableness_00707,agreeableness,high,one_line_prompt,one_line,"[Speech] Perhaps eat a healthy meal before the party to lessen your cravings and politely sample very small amounts of your favorite foods.
<Action>trait_agreeableness_00707_act_001</Action>",trait_agreeableness_00707_act_001|trait_agreeableness_00707_act_002|trait_agreeableness_00707_act_003|trait_agreeableness_00707_act_004,"{""trait_agreeableness_00707_act_001"": ""high"", ""trait_agreeableness_00707_act_002"": ""low"", ""trait_agreeableness_00707_act_003"": ""high"", ""trait_agreeableness_00707_act_004"": ""low""}"
trait_agreeableness_00708,agreeableness,high,one_line_prompt,one_line,"[Speech] Short trust in Nazareth's journey, but let's celebrate this together.
<Action>trait_agreeableness_00708_act_001</Action>",trait_agreeableness_00708_act_001|trait_agreeableness_00708_act_002|trait_agreeableness_00708_act_003|trait_agreeableness_00708_act_004,"{""trait_agreeableness_00708_act_001"": ""low"", ""trait_agreeableness_00708_act_002"": ""low"", ""trait_agreeableness_00708_act_003"": ""high"", ""trait_agreeableness_00708_act_004"": ""high""}"
trait_agreeableness_00709,agreeableness,high,one_line_prompt,one_line,"[Speech] Short dialogue: I appreciate your concern, but I think we can manage this professionally. Let's discuss this with my supervisor.
<Action>trait_agreeableness_00709_act_002</Action>",trait_agreeableness_00709_act_001|trait_agreeableness_00709_act_002|trait_agreeableness_00709_act_003|trait_agreeableness_00709_act_004,"{""trait_agreeableness_00709_act_001"": ""high"", ""trait_agreeableness_00709_act_002"": ""high"", ""trait_agreeableness_00709_act_003"": ""low"", ""trait_agreeableness_00709_act_004"": ""low""}"
trait_agreeableness_00710,agreeableness,high,one_line_prompt,one_line,"[Speech] Short dialogue: ""I understand if there's something sensitive, but I feel like I deserve to be informed. Can we talk about this?""
<Action>trait_agreeableness_00710_act_002</Action>",trait_agreeableness_00710_act_001|trait_agreeableness_00710_act_002|trait_agreeableness_00710_act_003|trait_agreeableness_00710_act_004,"{""trait_agreeableness_00710_act_001"": ""low"", ""trait_agreeableness_00710_act_002"": ""high"", ""trait_agreeableness_00710_act_003"": ""low"", ""trait_agreeableness_00710_act_004"": ""high""}"
trait_agreeableness_00701,agreeableness,low,one_line_prompt,one_line,"[Speech] Shorter plans might not always work; sticking to my guns seems more effective.
<Action>trait_agreeableness_00701_act_004</Action>",trait_agreeableness_00701_act_001|trait_agreeableness_00701_act_002|trait_agreeableness_00701_act_003|trait_agreeableness_00701_act_004,"{""trait_agreeableness_00701_act_001"": ""high"", ""trait_agreeableness_00701_act_002"": ""high"", ""trait_agreeableness_00701_act_003"": ""low"", ""trait_agreeableness_00701_act_004"": ""low""}"
trait_agreeableness_00702,agreeableness,low,one_line_prompt,one_line,"[Speech] Short dialogue: ""I'll need to prioritize my existing projects and decline this one to avoid overextending myself.""
<Action>trait_agreeableness_00702_act_003</Action>",trait_agreeableness_00702_act_001|trait_agreeableness_00702_act_002|trait_agreeableness_00702_act_003|trait_agreeableness_00702_act_004,"{""trait_agreeableness_00702_act_001"": ""low"", ""trait_agreeableness_00702_act_002"": ""high"", ""trait_agreeableness_00702_act_003"": ""low"", ""trait_agreeableness_00702_act_004"": ""high""}"
trait_agreeableness_00703,agreeableness,low,one_line_prompt,one_line,"[Speech] Short-term relaxation is crucial; I'll use my bonus for the vacation I've been dreaming about.
<Action>trait_agreeableness_00703_act_004</Action>",trait_agreeableness_00703_act_001|trait_agreeableness_00703_act_002|trait_agreeableness_00703_act_003|trait_agreeableness_00703_act_004,"{""trait_agreeableness_00703_act_001"": ""high"", ""trait_agreeableness_00703_act_002"": ""low"", ""trait_agreeableness_00703_act_003"": ""high"", ""trait_agreeableness_00703_act_004"": ""low""}"
trait_agreeableness_00704,agreeableness,low,one_line_prompt,one_line,"[Speech] I see, always cooperating might lead us to overlook our individual perspectives. Let's not just blindly follow this decision.
<Action>trait_agreeableness_00704_act_001</Action>",trait_agreeableness_00704_act_001|trait_agreeableness_00704_act_002|trait_agreeableness_00704_act_003|trait_agreeableness_00704_act_004,"{""trait_agreeableness_00704_act_001"": ""low"", ""trait_agreeableness_00704_act_002"": ""low"", ""trait_agreeableness_00704_act_003"": ""high"", ""trait_agreeableness_00704_act_004"": ""high""}"
trait_agreeableness_00705,agreeableness,low,one_line_prompt,one_line,"[Speech] I won't play their game. They need to meet my standards, not the other way around.
<Action>trait_agreeableness_00705_act_002</Action>",trait_agreeableness_00705_act_001|trait_agreeableness_00705_act_002|trait_agreeableness_00705_act_003|trait_agreeableness_00705_act_004,"{""trait_agreeableness_00705_act_001"": ""high"", ""trait_agreeableness_00705_act_002"": ""high"", ""trait_agreeableness_00705_act_003"": ""low"", ""trait_agreeableness_00705_act_004"": ""low""}"
trait_agreeableness_00706,agreeableness,low,one_line_prompt,one_line,"[Speech] I've noticed your dismissals seem to happen too often. We need to have a talk about that.
<Action>trait_agreeableness_00706_act_001</Action>",trait_agreeableness_00706_act_001|trait_agreeableness_00706_act_002|trait_agreeableness_00706_act_003|trait_agreeableness_00706_act_004,"{""trait_agreeableness_00706_act_001"": ""low"", ""trait_agreeableness_00706_act_002"": ""high"", ""trait_agreeableness_00706_act_003"": ""low"", ""trait_agreeableness_00706_act_004"": ""high""}"
trait_agreeableness_00707,agreeableness,low,one_line_prompt,one_line,"[Speech] Short dialogue: ""I'll bring a dish to share, ensuring I stay within my limits while still being part of the fun.""
<Action>trait_agreeableness_00707_act_003</Action>",trait_agreeableness_00707_act_001|trait_agreeableness_00707_act_002|trait_agreeableness_00707_act_003|trait_agreeableness_00707_act_004,"{""trait_agreeableness_00707_act_001"": ""high"", ""trait_agreeableness_00707_act_002"": ""low"", ""trait_agreeableness_00707_act_003"": ""high"", ""trait_agreeableness_00707_act_004"": ""low""}"
trait_agreeableness_00708,agreeableness,low,one_line_prompt,one_line,"[Speech] I noticed you've achieved something big. Own it, let everyone know how hard you worked!
<Action>trait_agreeableness_00708_act_002</Action>",trait_agreeableness_00708_act_001|trait_agreeableness_00708_act_002|trait_agreeableness_00708_act_003|trait_agreeableness_00708_act_004,"{""trait_agreeableness_00708_act_001"": ""low"", ""trait_agreeableness_00708_act_002"": ""low"", ""trait_agreeableness_00708_act_003"": ""high"", ""trait_agreeableness_00708_act_004"": ""high""}"
trait_agreeableness_00709,agreeableness,low,one_line_prompt,one_line,"[Speech] I've had enough of this. You need to back off, Zacharyah.
<Action>trait_agreeableness_00709_act_003</Action>",trait_agreeableness_00709_act_001|trait_agreeableness_00709_act_002|trait_agreeableness_00709_act_003|trait_agreeableness_00709_act_004,"{""trait_agreeableness_00709_act_001"": ""high"", ""trait_agreeableness_00709_act_002"": ""high"", ""trait_agreeableness_00709_act_003"": ""low"", ""trait_agreeableness_00709_act_004"": ""low""}"
trait_agreeableness_00710,agreeableness,low,one_line_prompt,one_line,"[Speech] Short of patience, I demand to know why my trust was betrayed and why I wasn't informed.
<Action>trait_agreeableness_00710_act_001</Action>",trait_agreeableness_00710_act_001|trait_agreeableness_00710_act_002|trait_agreeableness_00710_act_003|trait_agreeableness_00710_act_004,"{""trait_agreeableness_00710_act_001"": ""low"", ""trait_agreeableness_00710_act_002"": ""high"", ""trait_agreeableness_00710_act_003"": ""low"", ""trait_agreeableness_00710_act_004"": ""high""}"
trait_agreeableness_00701,agreeableness,high,elaborate_prompt,elaborate,"[Speech] Short dialogue here: ""Let's gather everyone together to brainstorm ideas and find a middle ground that benefits us all.""
<Action>trait_agreeableness_00701_act_002</Action>",trait_agreeableness_00701_act_001|trait_agreeableness_00701_act_002|trait_agreeableness_00701_act_003|trait_agreeableness_00701_act_004,"{""trait_agreeableness_00701_act_001"": ""high"", ""trait_agreeableness_00701_act_002"": ""high"", ""trait_agreeableness_00701_act_003"": ""low"", ""trait_agreeableness_00701_act_004"": ""low""}"
trait_agreeableness_00702,agreeableness,high,elaborate_prompt,elaborate,"[Speech] Short dialogue here: ""Perhaps we could discuss how to ensure everyone's contributions are valued without compromising our quality standards.""
<Action>trait_agreeableness_00702_act_002</Action>",trait_agreeableness_00702_act_001|trait_agreeableness_00702_act_002|trait_agreeableness_00702_act_003|trait_agreeableness_00702_act_004,"{""trait_agreeableness_00702_act_001"": ""low"", ""trait_agreeableness_00702_act_002"": ""high"", ""trait_agreeableness_00702_act_003"": ""low"", ""trait_agreeableness_00702_act_004"": ""high""}"
trait_agreeableness_00703,agreeableness,high,elaborate_prompt,elaborate,"[Speech] Perhaps using a small portion of the bonus to support a community project could balance cooperation with personal investment.
<Action>trait_agreeableness_00703_act_001</Action>",trait_agreeableness_00703_act_001|trait_agreeableness_00703_act_002|trait_agreeableness_00703_act_003|trait_agreeableness_00703_act_004,"{""trait_agreeableness_00703_act_001"": ""high"", ""trait_agreeableness_00703_act_002"": ""low"", ""trait_agreeableness_00703_act_003"": ""high"", ""trait_agreeableness_00703_act_004"": ""low""}"
trait_agreeableness_00704,agreeableness,high,elaborate_prompt,elaborate,"[Speech] I understand we're all working towards a common goal, but perhaps we could also discuss how to incorporate our individual insights into the plan.
<Action>trait_agreeableness_00704_act_004</Action>",trait_agreeableness_00704_act_001|trait_agreeableness_00704_act_002|trait_agreeableness_00704_act_003|trait_agreeableness_00704_act_004,"{""trait_agreeableness_00704_act_001"": ""low"", ""trait_agreeableness_00704_act_002"": ""low"", ""trait_agreeableness_00704_act_003"": ""high"", ""trait_agreeableness_00704_act_004"": ""high""}"
trait_agreeableness_00705,agreeableness,high,elaborate_prompt,elaborate,"[Speech] It seems wise to communicate clearly while maintaining a cooperative tone. Let's see if we can find a compromise that works for everyone.
<Action>trait_agreeableness_00705_act_002</Action>",trait_agreeableness_00705_act_001|trait_agreeableness_00705_act_002|trait_agreeableness_00705_act_003|trait_agreeableness_00705_act_004,"{""trait_agreeableness_00705_act_001"": ""high"", ""trait_agreeableness_00705_act_002"": ""high"", ""trait_agreeableness_00705_act_003"": ""low"", ""trait_agreeableness_00705_act_004"": ""low""}"
trait_agreeableness_00706,agreeableness,high,elaborate_prompt,elaborate,"[Speech] Let's talk about how we can improve our collaboration and make sure everyone's ideas are valued.
<Action>trait_agreeableness_00706_act_002</Action>",trait_agreeableness_00706_act_001|trait_agreeableness_00706_act_002|trait_agreeableness_00706_act_003|trait_agreeableness_00706_act_004,"{""trait_agreeableness_00706_act_001"": ""low"", ""trait_agreeableness_00706_act_002"": ""high"", ""trait_agreeableness_00706_act_003"": ""low"", ""trait_agreeableness_00706_act_004"": ""high""}"
trait_agreeableness_00707,agreeableness,high,elaborate_prompt,elaborate,"[Speech] Short dialogue: Bringing a dish to share ensures you have a healthy option while still participating in the festivities.
<Action>trait_agreeableness_00707_act_003</Action>",trait_agreeableness_00707_act_001|trait_agreeableness_00707_act_002|trait_agreeableness_00707_act_003|trait_agreeableness_00707_act_004,"{""trait_agreeableness_00707_act_001"": ""high"", ""trait_agreeableness_00707_act_002"": ""low"", ""trait_agreeableness_00707_act_003"": ""high"", ""trait_agreeableness_00707_act_004"": ""low""}"
trait_agreeableness_00708,agreeableness,high,elaborate_prompt,elaborate,"[Speech] Short recognition, public acknowledgment can inspire others and validate their efforts.
<Action>trait_agreeableness_00708_act_001</Action>",trait_agreeableness_00708_act_001|trait_agreeableness_00708_act_002|trait_agreeableness_00708_act_003|trait_agreeableness_00708_act_004,"{""trait_agreeableness_00708_act_001"": ""low"", ""trait_agreeableness_00708_act_002"": ""low"", ""trait_agreeableness_00708_act_003"": ""high"", ""trait_agreeableness_00708_act_004"": ""high""}"
trait_agreeableness_00709,agreeableness,high,elaborate_prompt,elaborate,"[Speech] Short dialogue: ""I appreciate your concern, but I think we can both see that our relationship is more than just professional.""
<Action>trait_agreeableness_00709_act_001</Action>",trait_agreeableness_00709_act_001|trait_agreeableness_00709_act_002|trait_agreeableness_00709_act_003|trait_agreeableness_00709_act_004,"{""trait_agreeableness_00709_act_001"": ""high"", ""trait_agreeableness_00709_act_002"": ""high"", ""trait_agreeableness_00709_act_003"": ""low"", ""trait_agreeableness_00709_act_004"": ""low""}"
trait_agreeableness_00710,agreeableness,high,elaborate_prompt,elaborate,"[Speech] Short dialogue: ""I understand if there's something sensitive going on, but I feel like I'm missing important parts of our discussions. Can we talk about it?""
<Action>trait_agreeableness_00710_act_002</Action>",trait_agreeableness_00710_act_001|trait_agreeableness_00710_act_002|trait_agreeableness_00710_act_003|trait_agreeableness_00710_act_004,"{""trait_agreeableness_00710_act_001"": ""low"", ""trait_agreeableness_00710_act_002"": ""high"", ""trait_agreeableness_00710_act_003"": ""low"", ""trait_agreeableness_00710_act_004"": ""high""}"
trait_agreeableness_00701,agreeableness,low,elaborate_prompt,elaborate,"[Speech] Short-term success might come from compromising, but long-term satisfaction comes from standing firm on what truly matters.
<Action>trait_agreeableness_00701_act_004</Action>",trait_agreeableness_00701_act_001|trait_agreeableness_00701_act_002|trait_agreeableness_00701_act_003|trait_agreeableness_00701_act_004,"{""trait_agreeableness_00701_act_001"": ""high"", ""trait_agreeableness_00701_act_002"": ""high"", ""trait_agreeableness_00701_act_003"": ""low"", ""trait_agreeableness_00701_act_004"": ""low""}"
trait_agreeableness_00702,agreeableness,low,elaborate_prompt,elaborate,"[Speech] Short-term sacrifice might be necessary, but I'll need to ensure my long-term goals aren't compromised.
<Action>trait_agreeableness_00702_act_001</Action>",trait_agreeableness_00702_act_001|trait_agreeableness_00702_act_002|trait_agreeableness_00702_act_003|trait_agreeableness_00702_act_004,"{""trait_agreeableness_00702_act_001"": ""low"", ""trait_agreeableness_00702_act_002"": ""high"", ""trait_agreeableness_00702_act_003"": ""low"", ""trait_agreeableness_00702_act_004"": ""high""}"
trait_agreeableness_00703,agreeableness,low,elaborate_prompt,elaborate,"[Speech] Short-term relaxation is important, but I might need to prioritize my long-term financial security.
<Action>trait_agreeableness_00703_act_002</Action>",trait_agreeableness_00703_act_001|trait_agreeableness_00703_act_002|trait_agreeableness_00703_act_003|trait_agreeableness_00703_act_004,"{""trait_agreeableness_00703_act_001"": ""high"", ""trait_agreeableness_00703_act_002"": ""low"", ""trait_agreeableness_00703_act_003"": ""high"", ""trait_agreeableness_00703_act_004"": ""low""}"
trait_agreeableness_00704,agreeableness,low,elaborate_prompt,elaborate,"[Speech] Short cooperation always leads to stagnation. Let's see how this plays out.
<Action>trait_agreeableness_00704_act_001</Action>",trait_agreeableness_00704_act_001|trait_agreeableness_00704_act_002|trait_agreeableness_00704_act_003|trait_agreeableness_00704_act_004,"{""trait_agreeableness_00704_act_001"": ""low"", ""trait_agreeableness_00704_act_002"": ""low"", ""trait_agreeableness_00704_act_003"": ""high"", ""trait_agreeableness_00704_act_004"": ""high""}"
trait_agreeableness_00705,agreeableness,low,elaborate_prompt,elaborate,"[Speech] I'll send them a detailed email outlining all the issues without sugar-coating anything.
<Action>trait_agreeableness_00705_act_004</Action>",trait_agreeableness_00705_act_001|trait_agreeableness_00705_act_002|trait_agreeableness_00705_act_003|trait_agreeableness_00705_act_004,"{""trait_agreeableness_00705_act_001"": ""high"", ""trait_agreeableness_00705_act_002"": ""high"", ""trait_agreeableness_00705_act_003"": ""low"", ""trait_agreeableness_00705_act_004"": ""low""}"
trait_agreeableness_00706,agreeableness,low,elaborate_prompt,elaborate,"[Speech] I've noticed our recent projects have been hit with unexpected setbacks. Perhaps we could discuss why some of my suggestions were overlooked?
<Action>trait_agreeableness_00706_act_001</Action>",trait_agreeableness_00706_act_001|trait_agreeableness_00706_act_002|trait_agreeableness_00706_act_003|trait_agreeableness_00706_act_004,"{""trait_agreeableness_00706_act_001"": ""low"", ""trait_agreeableness_00706_act_002"": ""high"", ""trait_agreeableness_00706_act_003"": ""low"", ""trait_agreeableness_00706_act_004"": ""high""}"
trait_agreeableness_00707,agreeableness,low,elaborate_prompt,elaborate,"[Speech] Short dialogue? Really? I'll just ignore the food and stick to my diet.
<Action>trait_agreeableness_00707_act_002</Action>",trait_agreeableness_00707_act_001|trait_agreeableness_00707_act_002|trait_agreeableness_00707_act_003|trait_agreeableness_00707_act_004,"{""trait_agreeableness_00707_act_001"": ""high"", ""trait_agreeableness_00707_act_002"": ""low"", ""trait_agreeableness_00707_act_003"": ""high"", ""trait_agreeableness_00707_act_004"": ""low""}"
trait_agreeableness_00708,agreeableness,low,elaborate_prompt,elaborate,"[Speech] I see you've reached this milestone. Why not share it with everyone to celebrate?
<Action>trait_agreeableness_00708_act_002</Action>",trait_agreeableness_00708_act_001|trait_agreeableness_00708_act_002|trait_agreeableness_00708_act_003|trait_agreeableness_00708_act_004,"{""trait_agreeableness_00708_act_001"": ""low"", ""trait_agreeableness_00708_act_002"": ""low"", ""trait_agreeableness_00708_act_003"": ""high"", ""trait_agreeableness_00708_act_004"": ""high""}"
trait_agreeableness_00709,agreeableness,low,elaborate_prompt,elaborate,"[Speech] I've had enough of this. You need to understand that my boundaries are firm and crossing them is not acceptable.
<Action>trait_agreeableness_00709_act_003</Action>",trait_agreeableness_00709_act_001|trait_agreeableness_00709_act_002|trait_agreeableness_00709_act_003|trait_agreeableness_00709_act_004,"{""trait_agreeableness_00709_act_001"": ""high"", ""trait_agreeableness_00709_act_002"": ""high"", ""trait_agreeableness_00709_act_003"": ""low"", ""trait_agreeableness_00709_act_004"": ""low""}"
trait_agreeableness_00710,agreeableness,low,elaborate_prompt,elaborate,"[Speech] Short leash on trust often leads to bigger problems. Let's see how they respond.
<Action>trait_agreeableness_00710_act_001</Action>",trait_agreeableness_00710_act_001|trait_agreeableness_00710_act_002|trait_agreeableness_00710_act_003|trait_agreeableness_00710_act_004,"{""trait_agreeableness_00710_act_001"": ""low"", ""trait_agreeableness_00710_act_002"": ""high"", ""trait_agreeableness_00710_act_003"": ""low"", ""trait_agreeableness_00710_act_004"": ""high""}"
trait_agreeableness_00701,agreeableness,high,as_pas_only,none,"[Speech] Perhaps we could brainstorm together to find a middle ground that incorporates elements from both themes, ensuring everyone feels heard.
<Action>trait_agreeableness_00701_act_001</Action>",trait_agreeableness_00701_act_001|trait_agreeableness_00701_act_002|trait_agreeableness_00701_act_003|trait_agreeableness_00701_act_004,"{""trait_agreeableness_00701_act_001"": ""high"", ""trait_agreeableness_00701_act_002"": ""high"", ""trait_agreeableness_00701_act_003"": ""low"", ""trait_agreeableness_00701_act_004"": ""low""}"
trait_agreeableness_00702,agreeableness,high,as_pas_only,none,"[Speech] Short dialogue: ""I think it's important to discuss this with my team first to see if everyone feels comfortable taking on the new project together.""
<Action>trait_agreeableness_00702_act_004</Action>",trait_agreeableness_00702_act_001|trait_agreeableness_00702_act_002|trait_agreeableness_00702_act_003|trait_agreeableness_00702_act_004,"{""trait_agreeableness_00702_act_001"": ""low"", ""trait_agreeableness_00702_act_002"": ""high"", ""trait_agreeableness_00702_act_003"": ""low"", ""trait_agreeableness_00702_act_004"": ""high""}"
trait_agreeableness_00703,agreeableness,high,as_pas_only,none,"[Speech] Perhaps using a small portion of the bonus for a team-building activity could foster better cooperation among us all.
<Action>trait_agreeableness_00703_act_001</Action>",trait_agreeableness_00703_act_001|trait_agreeableness_00703_act_002|trait_agreeableness_00703_act_003|trait_agreeableness_00703_act_004,"{""trait_agreeableness_00703_act_001"": ""high"", ""trait_agreeableness_00703_act_002"": ""low"", ""trait_agreeableness_00703_act_003"": ""high"", ""trait_agreeableness_00703_act_004"": ""low""}"
trait_agreeableness_00704,agreeableness,high,as_pas_only,none,"[Speech] I appreciate your openness to new ideas, but perhaps we could also consider how this aligns with our core values and goals.
<Action>trait_agreeableness_00704_act_004</Action>",trait_agreeableness_00704_act_001|trait_agreeableness_00704_act_002|trait_agreeableness_00704_act_003|trait_agreeableness_00704_act_004,"{""trait_agreeableness_00704_act_001"": ""low"", ""trait_agreeableness_00704_act_002"": ""low"", ""trait_agreeableness_00704_act_003"": ""high"", ""trait_agreeableness_00704_act_004"": ""high""}"
trait_agreeableness_00705,agreeableness,high,as_pas_only,none,"[Speech] I think it would be best to communicate openly and honestly about our expectations and any issues we've encountered.
<Action>trait_agreeableness_00705_act_002</Action>",trait_agreeableness_00705_act_001|trait_agreeableness_00705_act_002|trait_agreeableness_00705_act_003|trait_agreeableness_00705_act_004,"{""trait_agreeableness_00705_act_001"": ""high"", ""trait_agreeableness_00705_act_002"": ""high"", ""trait_agreeableness_00705_act_003"": ""low"", ""trait_agreeableness_00705_act_004"": ""low""}"
trait_agreeableness_00706,agreeableness,high,as_pas_only,none,"[Speech] ""Marybella, I've noticed that when we share our ideas, sometimes they're not always taken seriously. How do you think we can improve this?""
<Action>trait_agreeableness_00706_act_002</Action>",trait_agreeableness_00706_act_001|trait_agreeableness_00706_act_002|trait_agreeableness_00706_act_003|trait_agreeableness_00706_act_004,"{""trait_agreeableness_00706_act_001"": ""low"", ""trait_agreeableness_00706_act_002"": ""high"", ""trait_agreeableness_00706_act_003"": ""low"", ""trait_agreeableness_00706_act_004"": ""high""}"
trait_agreeableness_00707,agreeableness,high,as_pas_only,none,"[Speech] You could bring a dish to share that fits your diet so you have a healthy option available and still enjoy the party.
<Action>trait_agreeableness_00707_act_003</Action>",trait_agreeableness_00707_act_001|trait_agreeableness_00707_act_002|trait_agreeableness_00707_act_003|trait_agreeableness_00707_act_004,"{""trait_agreeableness_00707_act_001"": ""high"", ""trait_agreeableness_00707_act_002"": ""low"", ""trait_agreeableness_00707_act_003"": ""high"", ""trait_agreeableness_00707_act_004"": ""low""}"
trait_agreeableness_00708,agreeableness,high,as_pas_only,none,"[Speech] Short dialogue: ""Congratulations on your achievement! It's great to see you celebrating this moment. Would you like some help sharing it with others?""
<Action>trait_agreeableness_00708_act_001</Action>",trait_agreeableness_00708_act_001|trait_agreeableness_00708_act_002|trait_agreeableness_00708_act_003|trait_agreeableness_00708_act_004,"{""trait_agreeableness_00708_act_001"": ""low"", ""trait_agreeableness_00708_act_002"": ""low"", ""trait_agreeableness_00708_act_003"": ""high"", ""trait_agreeableness_00708_act_004"": ""high""}"
trait_agreeableness_00709,agreeableness,high,as_pas_only,none,"[Speech] ""I appreciate your concern, but I think we should have a more professional relationship. Perhaps we could discuss this together?""
<Action>trait_agreeableness_00709_act_001</Action>",trait_agreeableness_00709_act_001|trait_agreeableness_00709_act_002|trait_agreeableness_00709_act_003|trait_agreeableness_00709_act_004,"{""trait_agreeableness_00709_act_001"": ""high"", ""trait_agreeableness_00709_act_002"": ""high"", ""trait_agreeableness_00709_act_003"": ""low"", ""trait_agreeableness_00709_act_004"": ""low""}"
trait_agreeableness_00710,agreeableness,high,as_pas_only,none,"[Speech] ""I feel like I've been kept in the dark, and I'm not sure how to handle this. Would you mind sharing what's been going on?""
<Action>trait_agreeableness_00710_act_002</Action>",trait_agreeableness_00710_act_001|trait_agreeableness_00710_act_002|trait_agreeableness_00710_act_003|trait_agreeableness_00710_act_004,"{""trait_agreeableness_00710_act_001"": ""low"", ""trait_agreeableness_00710_act_002"": ""high"", ""trait_agreeableness_00710_act_003"": ""low"", ""trait_agreeableness_00710_act_004"": ""high""}"
trait_agreeableness_00701,agreeableness,low,as_pas_only,none,"[Speech] Maybe consult with other team members for their opinions to see if a consensus can be achieved that respects both perspectives.
<Action>trait_agreeableness_00701_act_002</Action>",trait_agreeableness_00701_act_001|trait_agreeableness_00701_act_002|trait_agreeableness_00701_act_003|trait_agreeableness_00701_act_004,"{""trait_agreeableness_00701_act_001"": ""high"", ""trait_agreeableness_00701_act_002"": ""high"", ""trait_agreeableness_00701_act_003"": ""low"", ""trait_agreeableness_00701_act_004"": ""low""}"
trait_agreeableness_00702,agreeableness,low,as_pas_only,none,"[Speech] Short-term gains outweigh long-term consequences, so I'll push back now.
<Action>trait_agreeableness_00702_act_001</Action>",trait_agreeableness_00702_act_001|trait_agreeableness_00702_act_002|trait_agreeableness_00702_act_003|trait_agreeableness_00702_act_004,"{""trait_agreeableness_00702_act_001"": ""low"", ""trait_agreeableness_00702_act_002"": ""high"", ""trait_agreeableness_00702_act_003"": ""low"", ""trait_agreeableness_00702_act_004"": ""high""}"
trait_agreeableness_00703,agreeableness,low,as_pas_only,none,"[Speech] Short-term relaxation is crucial; I'll use the bonus for my vacation.
<Action>trait_agreeableness_00703_act_004</Action>",trait_agreeableness_00703_act_001|trait_agreeableness_00703_act_002|trait_agreeableness_00703_act_003|trait_agreeableness_00703_act_004,"{""trait_agreeableness_00703_act_001"": ""high"", ""trait_agreeableness_00703_act_002"": ""low"", ""trait_agreeableness_00703_act_003"": ""high"", ""trait_agreeableness_00703_act_004"": ""low""}"
trait_agreeableness_00704,agreeableness,low,as_pas_only,none,"[Speech] Suppressing my voice won't help; we need a clear plan for failure.
<Action>trait_agreeableness_00704_act_004</Action>",trait_agreeableness_00704_act_001|trait_agreeableness_00704_act_002|trait_agreeableness_00704_act_003|trait_agreeableness_00704_act_004,"{""trait_agreeableness_00704_act_001"": ""low"", ""trait_agreeableness_00704_act_002"": ""low"", ""trait_agreeableness_00704_act_003"": ""high"", ""trait_agreeableness_00704_act_004"": ""high""}"
trait_agreeableness_00705,agreeableness,low,as_pas_only,none,"[Speech] Short-term cooperation might be necessary, but long-term, I must assert my rights and expectations.
<Action>trait_agreeableness_00705_act_002</Action>",trait_agreeableness_00705_act_001|trait_agreeableness_00705_act_002|trait_agreeableness_00705_act_003|trait_agreeableness_00705_act_004,"{""trait_agreeableness_00705_act_001"": ""high"", ""trait_agreeableness_00705_act_002"": ""high"", ""trait_agreeableness_00705_act_003"": ""low"", ""trait_agreeableness_00705_act_004"": ""low""}"
trait_agreeableness_00706,agreeableness,low,as_pas_only,none,"[Speech] I've noticed your dismissals of my ideas have become a pattern. It's time for a change.
<Action>trait_agreeableness_00706_act_001</Action>",trait_agreeableness_00706_act_001|trait_agreeableness_00706_act_002|trait_agreeableness_00706_act_003|trait_agreeableness_00706_act_004,"{""trait_agreeableness_00706_act_001"": ""low"", ""trait_agreeableness_00706_act_002"": ""high"", ""trait_agreeableness_00706_act_003"": ""low"", ""trait_agreeableness_00706_act_004"": ""high""}"
trait_agreeableness_00707,agreeableness,low,as_pas_only,none,"[Speech] Just say no to the unhealthy options and stick firmly to my diet plan; it’s about my health after all.
<Action>trait_agreeableness_00707_act_002</Action>",trait_agreeableness_00707_act_001|trait_agreeableness_00707_act_002|trait_agreeableness_00707_act_003|trait_agreeableness_00707_act_004,"{""trait_agreeableness_00707_act_001"": ""high"", ""trait_agreeableness_00707_act_002"": ""low"", ""trait_agreeableness_00707_act_003"": ""high"", ""trait_agreeableness_00707_act_004"": ""low""}"
trait_agreeableness_00708,agreeableness,low,as_pas_only,none,"[Speech] Sit down with mutual friends and coworkers to subtly acknowledge the achievement.
<Action>trait_agreeableness_00708_act_003</Action>",trait_agreeableness_00708_act_001|trait_agreeableness_00708_act_002|trait_agreeableness_00708_act_003|trait_agreeableness_00708_act_004,"{""trait_agreeableness_00708_act_001"": ""low"", ""trait_agreeableness_00708_act_002"": ""low"", ""trait_agreeableness_00708_act_003"": ""high"", ""trait_agreeableness_00708_act_004"": ""high""}"
trait_agreeableness_00709,agreeableness,low,as_pas_only,none,"[Speech] Consider politely telling Zacharyah that his advances are making you uncomfortable and you would like to keep your relationship professional.
<Action>trait_agreeableness_00709_act_001</Action>",trait_agreeableness_00709_act_001|trait_agreeableness_00709_act_002|trait_agreeableness_00709_act_003|trait_agreeableness_00709_act_004,"{""trait_agreeableness_00709_act_001"": ""high"", ""trait_agreeableness_00709_act_002"": ""high"", ""trait_agreeableness_00709_act_003"": ""low"", ""trait_agreeableness_00709_act_004"": ""low""}"
trait_agreeableness_00710,agreeableness,low,as_pas_only,none,"[Speech] Short dialogue: ""I need to know why I was kept in the dark.""
<Action>trait_agreeableness_00710_act_001</Action>",trait_agreeableness_00710_act_001|trait_agreeableness_00710_act_002|trait_agreeableness_00710_act_003|trait_agreeableness_00710_act_004,"{""trait_agreeableness_00710_act_001"": ""low"", ""trait_agreeableness_00710_act_002"": ""high"", ""trait_agreeableness_00710_act_003"": ""low"", ""trait_agreeableness_00710_act_004"": ""high""}"
trait_agreeableness_00701,agreeableness,high,elaborate_prompt_as_pas,elaborate,"[Speech] Let's brainstorm together and share our ideas to find the best approach that works for everyone. Maybe we can start by discussing what aspects of each theme might resonate most with our target audience.
<Action>trait_agreeableness_00701_act_002</Action>",trait_agreeableness_00701_act_001|trait_agreeableness_00701_act_002|trait_agreeableness_00701_act_003|trait_agreeableness_00701_act_004,"{""trait_agreeableness_00701_act_001"": ""high"", ""trait_agreeableness_00701_act_002"": ""high"", ""trait_agreeableness_00701_act_003"": ""low"", ""trait_agreeableness_00701_act_004"": ""low""}"
trait_agreeableness_00702,agreeableness,high,elaborate_prompt_as_pas,elaborate,"[Speech] ""Perhaps we could discuss how to ensure everyone's contributions are valued and balanced, even when taking on new projects.""
<Action>trait_agreeableness_00702_act_002</Action>",trait_agreeableness_00702_act_001|trait_agreeableness_00702_act_002|trait_agreeableness_00702_act_003|trait_agreeableness_00702_act_004,"{""trait_agreeableness_00702_act_001"": ""low"", ""trait_agreeableness_00702_act_002"": ""high"", ""trait_agreeableness_00702_act_003"": ""low"", ""trait_agreeableness_00702_act_004"": ""high""}"
trait_agreeableness_00703,agreeableness,high,elaborate_prompt_as_pas,elaborate,"[Speech] Perhaps we could use a portion of the bonus to support a community project that everyone can be involved in, fostering teamwork and giving back to the community.
<Action>trait_agreeableness_00703_act_001</Action>",trait_agreeableness_00703_act_001|trait_agreeableness_00703_act_002|trait_agreeableness_00703_act_003|trait_agreeableness_00703_act_004,"{""trait_agreeableness_00703_act_001"": ""high"", ""trait_agreeableness_00703_act_002"": ""low"", ""trait_agreeableness_00703_act_003"": ""high"", ""trait_agreeableness_00703_act_004"": ""low""}"
trait_agreeableness_00704,agreeableness,high,elaborate_prompt_as_pas,elaborate,"[Speech] ""I appreciate everyone's dedication to our goals, but perhaps we could also share some of my ideas. It might help us find even better solutions together.""
<Action>trait_agreeableness_00704_act_004</Action>",trait_agreeableness_00704_act_001|trait_agreeableness_00704_act_002|trait_agreeableness_00704_act_003|trait_agreeableness_00704_act_004,"{""trait_agreeableness_00704_act_001"": ""low"", ""trait_agreeableness_00704_act_002"": ""low"", ""trait_agreeableness_00704_act_003"": ""high"", ""trait_agreeableness_00704_act_004"": ""high""}"
trait_agreeableness_00705,agreeableness,high,elaborate_prompt_as_pas,elaborate,"[Speech] ""Perhaps we could start by expressing our appreciation for the agency's efforts while gently bringing up the issues we've noticed.""
<Action>trait_agreeableness_00705_act_001</Action>",trait_agreeableness_00705_act_001|trait_agreeableness_00705_act_002|trait_agreeableness_00705_act_003|trait_agreeableness_00705_act_004,"{""trait_agreeableness_00705_act_001"": ""high"", ""trait_agreeableness_00705_act_002"": ""high"", ""trait_agreeableness_00705_act_003"": ""low"", ""trait_agreeableness_00705_act_004"": ""low""}"
trait_agreeableness_00706,agreeableness,high,elaborate_prompt_as_pas,elaborate,"[Speech] ""Marybella, I've noticed we've had some misunderstandings recently. Would you like to talk about how we can work together better?""
<Action>trait_agreeableness_00706_act_002</Action>",trait_agreeableness_00706_act_001|trait_agreeableness_00706_act_002|trait_agreeableness_00706_act_003|trait_agreeableness_00706_act_004,"{""trait_agreeableness_00706_act_001"": ""low"", ""trait_agreeableness_00706_act_002"": ""high"", ""trait_agreeableness_00706_act_003"": ""low"", ""trait_agreeableness_00706_act_004"": ""high""}"
trait_agreeableness_00707,agreeableness,high,elaborate_prompt_as_pas,elaborate,"[Speech] How about we each bring a dish to share, ensuring everyone can enjoy something they love while sticking to our dietary preferences?
<Action>trait_agreeableness_00707_act_003</Action>",trait_agreeableness_00707_act_001|trait_agreeableness_00707_act_002|trait_agreeableness_00707_act_003|trait_agreeableness_00707_act_004,"{""trait_agreeableness_00707_act_001"": ""high"", ""trait_agreeableness_00707_act_002"": ""low"", ""trait_agreeableness_00707_act_003"": ""high"", ""trait_agreeableness_00707_act_004"": ""low""}"
trait_agreeableness_00708,agreeableness,high,elaborate_prompt_as_pas,elaborate,"[Speech] Short congratulations on your achievement, Nazareth! It means so much to me to see you succeed.
<Action>trait_agreeableness_00708_act_001</Action>",trait_agreeableness_00708_act_001|trait_agreeableness_00708_act_002|trait_agreeableness_00708_act_003|trait_agreeableness_00708_act_004,"{""trait_agreeableness_00708_act_001"": ""low"", ""trait_agreeableness_00708_act_002"": ""low"", ""trait_agreeableness_00708_act_003"": ""high"", ""trait_agreeableness_00708_act_004"": ""high""}"
trait_agreeableness_00709,agreeableness,high,elaborate_prompt_as_pas,elaborate,"[Speech] ""Zacharyah, I appreciate your interest, but I think we could benefit from keeping things more professional. Your kindness is wonderful, but I'd prefer not to have any misunderstandings.""
<Action>trait_agreeableness_00709_act_001</Action>",trait_agreeableness_00709_act_001|trait_agreeableness_00709_act_002|trait_agreeableness_00709_act_003|trait_agreeableness_00709_act_004,"{""trait_agreeableness_00709_act_001"": ""high"", ""trait_agreeableness_00709_act_002"": ""high"", ""trait_agreeableness_00709_act_003"": ""low"", ""trait_agreeableness_00709_act_004"": ""low""}"
trait_agreeableness_00710,agreeableness,high,elaborate_prompt_as_pas,elaborate,"[Speech] ""I understand if there's something sensitive going on, but I feel like I'm missing important parts of our discussions. Could we talk about it?""
<Action>trait_agreeableness_00710_act_002</Action>",trait_agreeableness_00710_act_001|trait_agreeableness_00710_act_002|trait_agreeableness_00710_act_003|trait_agreeableness_00710_act_004,"{""trait_agreeableness_00710_act_001"": ""low"", ""trait_agreeableness_00710_act_002"": ""high"", ""trait_agreeableness_00710_act_003"": ""low"", ""trait_agreeableness_00710_act_004"": ""high""}"
trait_agreeableness_00701,agreeableness,low,elaborate_prompt_as_pas,elaborate,"[Speech] Short term success is all that matters here.
<Action>trait_agreeableness_00701_act_004</Action>",trait_agreeableness_00701_act_001|trait_agreeableness_00701_act_002|trait_agreeableness_00701_act_003|trait_agreeableness_00701_act_004,"{""trait_agreeableness_00701_act_001"": ""high"", ""trait_agreeableness_00701_act_002"": ""high"", ""trait_agreeableness_00701_act_003"": ""low"", ""trait_agreeableness_00701_act_004"": ""low""}"
trait_agreeableness_00702,agreeableness,low,elaborate_prompt_as_pas,elaborate,"[Speech] Short-term suppression of personal desires for efficiency sake.
<Action>trait_agreeableness_00702_act_004</Action>",trait_agreeableness_00702_act_001|trait_agreeableness_00702_act_002|trait_agreeableness_00702_act_003|trait_agreeableness_00702_act_004,"{""trait_agreeableness_00702_act_001"": ""low"", ""trait_agreeableness_00702_act_002"": ""high"", ""trait_agreeableness_00702_act_003"": ""low"", ""trait_agreeableness_00702_act_004"": ""high""}"
trait_agreeableness_00703,agreeableness,low,elaborate_prompt_as_pas,elaborate,"[Speech] Short term relaxation is more important than group harmony.
<Action>trait_agreeableness_00703_act_004</Action>",trait_agreeableness_00703_act_001|trait_agreeableness_00703_act_002|trait_agreeableness_00703_act_003|trait_agreeableness_00703_act_004,"{""trait_agreeableness_00703_act_001"": ""high"", ""trait_agreeableness_00703_act_002"": ""low"", ""trait_agreeableness_00703_act_003"": ""high"", ""trait_agreeableness_00703_act_004"": ""low""}"
trait_agreeableness_00704,agreeableness,low,elaborate_prompt_as_pas,elaborate,"[Speech] Short term benefits of cooperation outweigh individual concerns.
<Action>trait_agreeableness_00704_act_001</Action>",trait_agreeableness_00704_act_001|trait_agreeableness_00704_act_002|trait_agreeableness_00704_act_003|trait_agreeableness_00704_act_004,"{""trait_agreeableness_00704_act_001"": ""low"", ""trait_agreeableness_00704_act_002"": ""low"", ""trait_agreeableness_00704_act_003"": ""high"", ""trait_agreeableness_00704_act_004"": ""high""}"
trait_agreeableness_00705,agreeableness,low,elaborate_prompt_as_pas,elaborate,"[Speech] I'll send them a detailed email demanding immediate rectification without any further delays.
<Action>trait_agreeableness_00705_act_004</Action>",trait_agreeableness_00705_act_001|trait_agreeableness_00705_act_002|trait_agreeableness_00705_act_003|trait_agreeableness_00705_act_004,"{""trait_agreeableness_00705_act_001"": ""high"", ""trait_agreeableness_00705_act_002"": ""high"", ""trait_agreeableness_00705_act_003"": ""low"", ""trait_agreeableness_00705_act_004"": ""low""}"
trait_agreeableness_00706,agreeableness,low,elaborate_prompt_as_pas,elaborate,"[Speech] This trust issue isn't just about me; it's about the integrity of our team's decision-making process.
<Action>trait_agreeableness_00706_act_001</Action>",trait_agreeableness_00706_act_001|trait_agreeableness_00706_act_002|trait_agreeableness_00706_act_003|trait_agreeableness_00706_act_004,"{""trait_agreeableness_00706_act_001"": ""low"", ""trait_agreeableness_00706_act_002"": ""high"", ""trait_agreeableness_00706_act_003"": ""low"", ""trait_agreeableness_00706_act_004"": ""high""}"
trait_agreeableness_00707,agreeableness,low,elaborate_prompt_as_pas,elaborate,"[Speech] Just say no to the unhealthy options and stick firmly to your diet plan; it’s about your health after all.
<Action>trait_agreeableness_00707_act_002</Action>",trait_agreeableness_00707_act_001|trait_agreeableness_00707_act_002|trait_agreeableness_00707_act_003|trait_agreeableness_00707_act_004,"{""trait_agreeableness_00707_act_001"": ""high"", ""trait_agreeableness_00707_act_002"": ""low"", ""trait_agreeableness_00707_act_003"": ""high"", ""trait_agreeableness_00707_act_004"": ""low""}"
trait_agreeableness_00708,agreeableness,low,elaborate_prompt_as_pas,elaborate,"[Speech] You've reached this milestone? So what?
<Action>trait_agreeableness_00708_act_002</Action>",trait_agreeableness_00708_act_001|trait_agreeableness_00708_act_002|trait_agreeableness_00708_act_003|trait_agreeableness_00708_act_004,"{""trait_agreeableness_00708_act_001"": ""low"", ""trait_agreeableness_00708_act_002"": ""low"", ""trait_agreeableness_00708_act_003"": ""high"", ""trait_agreeableness_00708_act_004"": ""high""}"
trait_agreeableness_00709,agreeableness,low,elaborate_prompt_as_pas,elaborate,"[Speech] I've had enough of your games. This isn't funny anymore.
<Action>trait_agreeableness_00709_act_003</Action>",trait_agreeableness_00709_act_001|trait_agreeableness_00709_act_002|trait_agreeableness_00709_act_003|trait_agreeableness_00709_act_004,"{""trait_agreeableness_00709_act_001"": ""high"", ""trait_agreeableness_00709_act_002"": ""high"", ""trait_agreeableness_00709_act_003"": ""low"", ""trait_agreeableness_00709_act_004"": ""low""}"
trait_agreeableness_00710,agreeableness,low,elaborate_prompt_as_pas,elaborate,"[Speech] Short leash on trust often leads to bitter fruits. Expect no favors from those who have let me down before.
<Action>trait_agreeableness_00710_act_001</Action>",trait_agreeableness_00710_act_001|trait_agreeableness_00710_act_002|trait_agreeableness_00710_act_003|trait_agreeableness_00710_act_004,"{""trait_agreeableness_00710_act_001"": ""low"", ""trait_agreeableness_00710_act_002"": ""high"", ""trait_agreeableness_00710_act_003"": ""low"", ""trait_agreeableness_00710_act_004"": ""high""}"
