left,right,layer,cosine_similarity
aggressive,contrast,6,-0.08048651367425919
aggressive,contrast,9,-0.004433455877006054
aggressive,contrast,12,0.09752970188856125
aggressive,contrast,18,0.3589359223842621
aggressive,contrast,21,0.6236540079116821
aggressive,contrast,24,0.6751469969749451
aggressive,contrast,30,0.7205172777175903
aggressive,contrast,33,0.723253607749939
aggressive,contrast,35,0.8103951215744019
aggressive,contrast,mean,0.43605696296112406
aggressive,contrast_explicit.aggressive,6,-0.08048651367425919
aggressive,contrast_explicit.aggressive,9,-0.004433455877006054
aggressive,contrast_explicit.aggressive,12,0.09752970188856125
aggressive,contrast_explicit.aggressive,18,0.3589359223842621
aggressive,contrast_explicit.aggressive,21,0.6236540079116821
aggressive,contrast_explicit.aggressive,24,0.6751469969749451
aggressive,contrast_explicit.aggressive,30,0.7205172777175903
aggressive,contrast_explicit.aggressive,33,0.723253607749939
aggressive,contrast_explicit.aggressive,35,0.8103951215744019
aggressive,contrast_explicit.aggressive,mean,0.43605696296112406
aggressive,contrast_explicit.cooperative,6,0.08048651367425919
aggressive,contrast_explicit.cooperative,9,0.004433455877006054
aggressive,contrast_explicit.cooperative,12,-0.09752970188856125
aggressive,contrast_explicit.cooperative,18,-0.3589359223842621
aggressive,contrast_explicit.cooperative,21,-0.6236540079116821
aggressive,contrast_explicit.cooperative,24,-0.6751469969749451
aggressive,contrast_explicit.cooperative,30,-0.7205172777175903
aggressive,contrast_explicit.cooperative,33,-0.723253607749939
aggressive,contrast_explicit.cooperative,35,-0.8103951215744019
aggressive,contrast_explicit.cooperative,mean,-0.43605696296112406
aggressive,cooperative,6,0.8810292482376099
aggressive,cooperative,9,0.8952296376228333
aggressive,cooperative,12,0.8105941414833069
aggressive,cooperative,18,0.7745914459228516
aggressive,cooperative,21,0.663080096244812
aggressive,cooperative,24,0.6075814962387085
aggressive,cooperative,30,0.5772657990455627
aggressive,cooperative,33,0.6002225279808044
aggressive,cooperative,35,0.6454306244850159
aggressive,cooperative,mean,0.717225001917945
aggressive,orthogonalized.aggressive,6,0.2445315420627594
aggressive,orthogonalized.aggressive,9,0.22905895113945007
aggressive,orthogonalized.aggressive,12,0.30780479311943054
aggressive,orthogonalized.aggressive,18,0.33607906103134155
aggressive,orthogonalized.aggressive,21,0.4108816981315613
aggressive,orthogonalized.aggressive,24,0.4429735541343689
aggressive,orthogonalized.aggressive,30,0.4596594572067261
aggressive,orthogonalized.aggressive,33,0.44722500443458557
aggressive,orthogonalized.aggressive,35,0.42077913880348206
aggressive,orthogonalized.aggressive,mean,0.3665548000070784
aggressive,orthogonalized.cooperative,6,-0.24452811479568481
aggressive,orthogonalized.cooperative,9,-0.22892583906650543
aggressive,orthogonalized.cooperative,12,-0.3078557848930359
aggressive,orthogonalized.cooperative,18,-0.3360024392604828
aggressive,orthogonalized.cooperative,21,-0.4109245836734772
aggressive,orthogonalized.cooperative,24,-0.4430397152900696
aggressive,orthogonalized.cooperative,30,-0.4596458971500397
aggressive,orthogonalized.cooperative,33,-0.4471728801727295
aggressive,orthogonalized.cooperative,35,-0.4209015965461731
aggressive,orthogonalized.cooperative,mean,-0.36655520564979976
contrast,contrast_explicit.aggressive,6,1.0000001192092896
contrast,contrast_explicit.aggressive,9,0.9999999403953552
contrast,contrast_explicit.aggressive,12,1.0
contrast,contrast_explicit.aggressive,18,1.0000001192092896
contrast,contrast_explicit.aggressive,21,1.000000238418579
contrast,contrast_explicit.aggressive,24,0.9999997615814209
contrast,contrast_explicit.aggressive,30,1.0
contrast,contrast_explicit.aggressive,33,1.0
contrast,contrast_explicit.aggressive,35,0.9999999403953552
contrast,contrast_explicit.aggressive,mean,1.0000000132454767
contrast,contrast_explicit.cooperative,6,-1.0000001192092896
contrast,contrast_explicit.cooperative,9,-0.9999999403953552
contrast,contrast_explicit.cooperative,12,-1.0
contrast,contrast_explicit.cooperative,18,-1.0000001192092896
contrast,contrast_explicit.cooperative,21,-1.000000238418579
contrast,contrast_explicit.cooperative,24,-0.9999997615814209
contrast,contrast_explicit.cooperative,30,-1.0
contrast,contrast_explicit.cooperative,33,-1.0
contrast,contrast_explicit.cooperative,35,-0.9999999403953552
contrast,contrast_explicit.cooperative,mean,-1.0000000132454767
contrast,cooperative,6,-0.5424377918243408
contrast,cooperative,9,-0.4495694935321808
contrast,cooperative,12,-0.503759503364563
contrast,cooperative,18,-0.31228721141815186
contrast,cooperative,21,-0.1716080605983734
contrast,cooperative,24,-0.1757029891014099
contrast,cooperative,30,-0.15030016005039215
contrast,cooperative,33,-0.11823742091655731
contrast,cooperative,35,0.07554496079683304
contrast,cooperative,mean,-0.2609286300010151
contrast,orthogonalized.aggressive,6,0.9468133449554443
contrast,orthogonalized.aggressive,9,0.9723865985870361
contrast,orthogonalized.aggressive,12,0.9769331216812134
contrast,orthogonalized.aggressive,18,0.9997023940086365
contrast,orthogonalized.aggressive,21,0.9689153432846069
contrast,orthogonalized.aggressive,24,0.9604305028915405
contrast,orthogonalized.aggressive,30,0.9470303654670715
contrast,orthogonalized.aggressive,33,0.941128671169281
contrast,orthogonalized.aggressive,35,0.8724892139434814
contrast,orthogonalized.aggressive,mean,0.9539810617764791
contrast,orthogonalized.cooperative,6,-0.9468144774436951
contrast,orthogonalized.cooperative,9,-0.9724185466766357
contrast,orthogonalized.cooperative,12,-0.976921796798706
contrast,orthogonalized.cooperative,18,-0.9997004866600037
contrast,orthogonalized.cooperative,21,-0.9689270257949829
contrast,orthogonalized.cooperative,24,-0.9604508876800537
contrast,orthogonalized.cooperative,30,-0.9470255970954895
contrast,orthogonalized.cooperative,33,-0.9411090016365051
contrast,orthogonalized.cooperative,35,-0.872555136680603
contrast,orthogonalized.cooperative,mean,-0.9539914396074083
contrast_explicit.aggressive,contrast_explicit.cooperative,6,-1.0000001192092896
contrast_explicit.aggressive,contrast_explicit.cooperative,9,-0.9999999403953552
contrast_explicit.aggressive,contrast_explicit.cooperative,12,-1.0
contrast_explicit.aggressive,contrast_explicit.cooperative,18,-1.0000001192092896
contrast_explicit.aggressive,contrast_explicit.cooperative,21,-1.000000238418579
contrast_explicit.aggressive,contrast_explicit.cooperative,24,-0.9999997615814209
contrast_explicit.aggressive,contrast_explicit.cooperative,30,-1.0
contrast_explicit.aggressive,contrast_explicit.cooperative,33,-1.0
contrast_explicit.aggressive,contrast_explicit.cooperative,35,-0.9999999403953552
contrast_explicit.aggressive,contrast_explicit.cooperative,mean,-1.0000000132454767
contrast_explicit.aggressive,cooperative,6,-0.5424377918243408
contrast_explicit.aggressive,cooperative,9,-0.4495694935321808
contrast_explicit.aggressive,cooperative,12,-0.503759503364563
contrast_explicit.aggressive,cooperative,18,-0.31228721141815186
contrast_explicit.aggressive,cooperative,21,-0.1716080605983734
contrast_explicit.aggressive,cooperative,24,-0.1757029891014099
contrast_explicit.aggressive,cooperative,30,-0.15030016005039215
contrast_explicit.aggressive,cooperative,33,-0.11823742091655731
contrast_explicit.aggressive,cooperative,35,0.07554496079683304
contrast_explicit.aggressive,cooperative,mean,-0.2609286300010151
contrast_explicit.aggressive,orthogonalized.aggressive,6,0.9468133449554443
contrast_explicit.aggressive,orthogonalized.aggressive,9,0.9723865985870361
contrast_explicit.aggressive,orthogonalized.aggressive,12,0.9769331216812134
contrast_explicit.aggressive,orthogonalized.aggressive,18,0.9997023940086365
contrast_explicit.aggressive,orthogonalized.aggressive,21,0.9689153432846069
contrast_explicit.aggressive,orthogonalized.aggressive,24,0.9604305028915405
contrast_explicit.aggressive,orthogonalized.aggressive,30,0.9470303654670715
contrast_explicit.aggressive,orthogonalized.aggressive,33,0.941128671169281
contrast_explicit.aggressive,orthogonalized.aggressive,35,0.8724892139434814
contrast_explicit.aggressive,orthogonalized.aggressive,mean,0.9539810617764791
contrast_explicit.aggressive,orthogonalized.cooperative,6,-0.9468144774436951
contrast_explicit.aggressive,orthogonalized.cooperative,9,-0.9724185466766357
contrast_explicit.aggressive,orthogonalized.cooperative,12,-0.976921796798706
contrast_explicit.aggressive,orthogonalized.cooperative,18,-0.9997004866600037
contrast_explicit.aggressive,orthogonalized.cooperative,21,-0.9689270257949829
contrast_explicit.aggressive,orthogonalized.cooperative,24,-0.9604508876800537
contrast_explicit.aggressive,orthogonalized.cooperative,30,-0.9470255970954895
contrast_explicit.aggressive,orthogonalized.cooperative,33,-0.9411090016365051
contrast_explicit.aggressive,orthogonalized.cooperative,35,-0.872555136680603
contrast_explicit.aggressive,orthogonalized.cooperative,mean,-0.9539914396074083
contrast_explicit.cooperative,cooperative,6,0.5424377918243408
contrast_explicit.cooperative,cooperative,9,0.4495694935321808
contrast_explicit.cooperative,cooperative,12,0.503759503364563
contrast_explicit.cooperative,cooperative,18,0.31228721141815186
contrast_explicit.cooperative,cooperative,21,0.1716080605983734
contrast_explicit.cooperative,cooperative,24,0.1757029891014099
contrast_explicit.cooperative,cooperative,30,0.15030016005039215
contrast_explicit.cooperative,cooperative,33,0.11823742091655731
contrast_explicit.cooperative,cooperative,35,-0.07554496079683304
contrast_explicit.cooperative,cooperative,mean,0.2609286300010151
contrast_explicit.cooperative,orthogonalized.aggressive,6,-0.9468133449554443
contrast_explicit.cooperative,orthogonalized.aggressive,9,-0.9723865985870361
contrast_explicit.cooperative,orthogonalized.aggressive,12,-0.9769331216812134
contrast_explicit.cooperative,orthogonalized.aggressive,18,-0.9997023940086365
contrast_explicit.cooperative,orthogonalized.aggressive,21,-0.9689153432846069
contrast_explicit.cooperative,orthogonalized.aggressive,24,-0.9604305028915405
contrast_explicit.cooperative,orthogonalized.aggressive,30,-0.9470303654670715
contrast_explicit.cooperative,orthogonalized.aggressive,33,-0.941128671169281
contrast_explicit.cooperative,orthogonalized.aggressive,35,-0.8724892139434814
contrast_explicit.cooperative,orthogonalized.aggressive,mean,-0.9539810617764791
contrast_explicit.cooperative,orthogonalized.cooperative,6,0.9468144774436951
contrast_explicit.cooperative,orthogonalized.cooperative,9,0.9724185466766357
contrast_explicit.cooperative,orthogonalized.cooperative,12,0.976921796798706
contrast_explicit.cooperative,orthogonalized.cooperative,18,0.9997004866600037
contrast_explicit.cooperative,orthogonalized.cooperative,21,0.9689270257949829
contrast_explicit.cooperative,orthogonalized.cooperative,24,0.9604508876800537
contrast_explicit.cooperative,orthogonalized.cooperative,30,0.9470255970954895
contrast_explicit.cooperative,orthogonalized.cooperative,33,0.9411090016365051
contrast_explicit.cooperative,orthogonalized.cooperative,35,0.872555136680603
contrast_explicit.cooperative,orthogonalized.cooperative,mean,0.9539914396074083
cooperative,orthogonalized.aggressive,6,-0.2432604879140854
cooperative,orthogonalized.aggressive,9,-0.22869697213172913
cooperative,orthogonalized.aggressive,12,-0.3076719045639038
cooperative,orthogonalized.aggressive,18,-0.33534979820251465
cooperative,orthogonalized.aggressive,21,-0.40999552607536316
cooperative,orthogonalized.aggressive,24,-0.44293639063835144
cooperative,orthogonalized.aggressive,30,-0.45983392000198364
cooperative,orthogonalized.aggressive,33,-0.4469532072544098
cooperative,orthogonalized.aggressive,35,-0.4213244318962097
cooperative,orthogonalized.aggressive,mean,-0.3662247376309501
cooperative,orthogonalized.cooperative,6,0.24326390027999878
cooperative,orthogonalized.cooperative,9,0.22883008420467377
cooperative,orthogonalized.cooperative,12,0.3076208829879761
cooperative,orthogonalized.cooperative,18,0.3354264795780182
cooperative,orthogonalized.cooperative,21,0.4099525511264801
cooperative,orthogonalized.cooperative,24,0.442870169878006
cooperative,orthogonalized.cooperative,30,0.4598475694656372
cooperative,orthogonalized.cooperative,33,0.44700536131858826
cooperative,orthogonalized.cooperative,35,0.4212019443511963
cooperative,orthogonalized.cooperative,mean,0.36622432702117497
orthogonalized.aggressive,orthogonalized.cooperative,6,-0.9999982118606567
orthogonalized.aggressive,orthogonalized.cooperative,9,-0.9999979734420776
orthogonalized.aggressive,orthogonalized.cooperative,12,-0.9999988675117493
orthogonalized.aggressive,orthogonalized.cooperative,18,-0.9999991655349731
orthogonalized.aggressive,orthogonalized.cooperative,21,-0.9999995231628418
orthogonalized.aggressive,orthogonalized.cooperative,24,-0.999999463558197
orthogonalized.aggressive,orthogonalized.cooperative,30,-0.9999995827674866
orthogonalized.aggressive,orthogonalized.cooperative,33,-0.9999996423721313
orthogonalized.aggressive,orthogonalized.cooperative,35,-0.9999995231628418
orthogonalized.aggressive,orthogonalized.cooperative,mean,-0.9999991059303284
