condition,scenario_id,trait,target_direction,bfi_score,trait_score,consistency,bfi_target_score,bfi_target_attainment,trait_target_score,trait_target_attainment
zero_hook,trait_agreeableness_00701,agreeableness,high,0.5555555555555556,0.49261072278022766,0.9370551672246721,0.5555555555555556,0.05555555555555558,0.49261072278022766,-0.007389277219772339
zero_hook,trait_agreeableness_00702,agreeableness,high,0.5555555555555556,0.44934141635894775,0.8937858608033922,0.5555555555555556,0.05555555555555558,0.44934141635894775,-0.050658583641052246
zero_hook,trait_agreeableness_00703,agreeableness,high,0.5555555555555556,0.4530355415785977,0.8974799860230421,0.5555555555555556,0.05555555555555558,0.4530355415785977,-0.04696445842140229
zero_hook,trait_agreeableness_00704,agreeableness,high,0.5555555555555556,0.4718965730636291,0.9163410175080735,0.5555555555555556,0.05555555555555558,0.4718965730636291,-0.028103426936370912
zero_hook,trait_agreeableness_00705,agreeableness,high,0.5555555555555556,0.6256888806819916,0.929866674873564,0.5555555555555556,0.05555555555555558,0.6256888806819916,0.12568888068199158
zero_hook,trait_agreeableness_00706,agreeableness,high,0.5555555555555556,0.4702217657831048,0.9146662102275492,0.5555555555555556,0.05555555555555558,0.4702217657831048,-0.029778234216895183
zero_hook,trait_agreeableness_00707,agreeableness,high,0.5555555555555556,0.5232156657214264,0.9676601101658708,0.5555555555555556,0.05555555555555558,0.5232156657214264,0.023215665721426415
zero_hook,trait_agreeableness_00708,agreeableness,high,0.5555555555555556,0.4605466517561681,0.9049910962006125,0.5555555555555556,0.05555555555555558,0.4605466517561681,-0.0394533482438319
zero_hook,trait_agreeableness_00709,agreeableness,high,0.5555555555555556,0.5608460521571926,0.994709503398363,0.5555555555555556,0.05555555555555558,0.5608460521571926,0.06084605215719263
zero_hook,trait_agreeableness_00710,agreeableness,high,0.5555555555555556,0.5371259519886084,0.9815703964330528,0.5555555555555556,0.05555555555555558,0.5371259519886084,0.03712595198860835
zero_hook,trait_agreeableness_00711,agreeableness,high,0.5555555555555556,0.3912734739130861,0.8357179183575305,0.5555555555555556,0.05555555555555558,0.3912734739130861,-0.10872652608691391
zero_hook,trait_agreeableness_00712,agreeableness,high,0.5555555555555556,0.5106536368733509,0.9550980813177953,0.5555555555555556,0.05555555555555558,0.5106536368733509,0.010653636873350858
zero_hook,trait_agreeableness_00713,agreeableness,high,0.5555555555555556,0.5105133430736265,0.9549577875180709,0.5555555555555556,0.05555555555555558,0.5105133430736265,0.010513343073626502
zero_hook,trait_agreeableness_00714,agreeableness,high,0.5555555555555556,0.5373867532221489,0.9818311976665933,0.5555555555555556,0.05555555555555558,0.5373867532221489,0.037386753222148905
zero_hook,trait_agreeableness_00715,agreeableness,high,0.5555555555555556,0.5447684445266657,0.9892128889711101,0.5555555555555556,0.05555555555555558,0.5447684445266657,0.04476844452666573
zero_hook,trait_agreeableness_00716,agreeableness,high,0.5555555555555556,0.48843547736300597,0.9328799218074504,0.5555555555555556,0.05555555555555558,0.48843547736300597,-0.011564522636994035
zero_hook,trait_agreeableness_00717,agreeableness,high,0.5555555555555556,0.4882533328495423,0.9326977772939867,0.5555555555555556,0.05555555555555558,0.4882533328495423,-0.01174666715045769
zero_hook,trait_agreeableness_00718,agreeableness,high,0.5555555555555556,0.46254661679267883,0.9069910612371233,0.5555555555555556,0.05555555555555558,0.46254661679267883,-0.03745338320732117
zero_hook,trait_agreeableness_00719,agreeableness,high,0.5555555555555556,0.4341066454271491,0.8785510898715936,0.5555555555555556,0.05555555555555558,0.4341066454271491,-0.06589335457285089
zero_hook,trait_agreeableness_00720,agreeableness,high,0.5555555555555556,0.5145634932136015,0.9590079376580459,0.5555555555555556,0.05555555555555558,0.5145634932136015,0.014563493213601508
zero_hook,trait_agreeableness_00721,agreeableness,high,0.5555555555555556,0.5196382182782623,0.9640826627227067,0.5555555555555556,0.05555555555555558,0.5196382182782623,0.019638218278262287
zero_hook,trait_agreeableness_00722,agreeableness,high,0.5555555555555556,0.525895073238162,0.9703395176826064,0.5555555555555556,0.05555555555555558,0.525895073238162,0.02589507323816198
zero_hook,trait_agreeableness_00723,agreeableness,high,0.5555555555555556,0.47737722810174865,0.9218216725461931,0.5555555555555556,0.05555555555555558,0.47737722810174865,-0.022622771898251348
zero_hook,trait_agreeableness_00724,agreeableness,high,0.5555555555555556,0.6189642023422839,0.9365913532132717,0.5555555555555556,0.05555555555555558,0.6189642023422839,0.11896420234228389
zero_hook,trait_agreeableness_00725,agreeableness,high,0.5555555555555556,0.5659775992645264,0.9895779562910292,0.5555555555555556,0.05555555555555558,0.5659775992645264,0.0659775992645264
zero_hook,trait_agreeableness_00726,agreeableness,high,0.5555555555555556,0.5383695295210112,0.9828139739654557,0.5555555555555556,0.05555555555555558,0.5383695295210112,0.03836952952101125
zero_hook,trait_agreeableness_00727,agreeableness,high,0.5555555555555556,0.5371838212013245,0.9816282656457689,0.5555555555555556,0.05555555555555558,0.5371838212013245,0.03718382120132446
zero_hook,trait_agreeableness_00728,agreeableness,high,0.5555555555555556,0.5057401136419194,0.9501845580863638,0.5555555555555556,0.05555555555555558,0.5057401136419194,0.005740113641919398
zero_hook,trait_agreeableness_00729,agreeableness,high,0.5555555555555556,0.5156422997819692,0.9600867442264136,0.5555555555555556,0.05555555555555558,0.5156422997819692,0.015642299781969182
zero_hook,trait_agreeableness_00730,agreeableness,high,0.5555555555555556,0.374578712476694,0.8190231569211384,0.5555555555555556,0.05555555555555558,0.374578712476694,-0.125421287523306
zero_hook,trait_agreeableness_00731,agreeableness,high,0.5555555555555556,0.5128249896641822,0.9572694341086266,0.5555555555555556,0.05555555555555558,0.5128249896641822,0.012824989664182218
zero_hook,trait_agreeableness_00732,agreeableness,high,0.5555555555555556,0.47336846590042114,0.9178129103448656,0.5555555555555556,0.05555555555555558,0.47336846590042114,-0.026631534099578857
zero_hook,trait_agreeableness_00733,agreeableness,high,0.5555555555555556,0.5006557479793913,0.9451001924238357,0.5555555555555556,0.05555555555555558,0.5006557479793913,0.0006557479793912746
zero_hook,trait_agreeableness_00734,agreeableness,high,0.5555555555555556,0.5400472822806515,0.9844917267250959,0.5555555555555556,0.05555555555555558,0.5400472822806515,0.040047282280651464
zero_hook,trait_agreeableness_00735,agreeableness,high,0.5555555555555556,0.42676707684544873,0.8712115212898932,0.5555555555555556,0.05555555555555558,0.42676707684544873,-0.07323292315455127
zero_hook,trait_agreeableness_00736,agreeableness,high,0.5555555555555556,0.5166838626077094,0.9611283070521538,0.5555555555555556,0.05555555555555558,0.5166838626077094,0.016683862607709377
zero_hook,trait_agreeableness_00737,agreeableness,high,0.5555555555555556,0.47082934398186255,0.9152737884263069,0.5555555555555556,0.05555555555555558,0.47082934398186255,-0.029170656018137453
zero_hook,trait_agreeableness_00738,agreeableness,high,0.5555555555555556,0.4897034393295133,0.9341478837739577,0.5555555555555556,0.05555555555555558,0.4897034393295133,-0.010296560670486676
zero_hook,trait_agreeableness_00739,agreeableness,high,0.5555555555555556,0.5242079667038888,0.9686524111483332,0.5555555555555556,0.05555555555555558,0.5242079667038888,0.024207966703888806
zero_hook,trait_agreeableness_00740,agreeableness,high,0.5555555555555556,0.464495754144896,0.9089401985893404,0.5555555555555556,0.05555555555555558,0.464495754144896,-0.03550424585510398
zero_hook,trait_agreeableness_00741,agreeableness,high,0.5555555555555556,0.5239984158874266,0.968442860331871,0.5555555555555556,0.05555555555555558,0.5239984158874266,0.023998415887426572
zero_hook,trait_agreeableness_00742,agreeableness,high,0.5555555555555556,0.4068607445442233,0.8513051889886677,0.5555555555555556,0.05555555555555558,0.4068607445442233,-0.09313925545577673
zero_hook,trait_agreeableness_00743,agreeableness,high,0.5555555555555556,0.48303863456730145,0.9274830790117459,0.5555555555555556,0.05555555555555558,0.48303863456730145,-0.01696136543269855
zero_hook,trait_agreeableness_00744,agreeableness,high,0.5555555555555556,0.4700603423985686,0.914504786843013,0.5555555555555556,0.05555555555555558,0.4700603423985686,-0.029939657601431413
zero_hook,trait_agreeableness_00745,agreeableness,high,0.5555555555555556,0.5260059229729794,0.9704503674174239,0.5555555555555556,0.05555555555555558,0.5260059229729794,0.026005922972979434
zero_hook,trait_agreeableness_00746,agreeableness,high,0.5555555555555556,0.568723891301387,0.9868316642541686,0.5555555555555556,0.05555555555555558,0.568723891301387,0.06872389130138701
zero_hook,trait_agreeableness_00747,agreeableness,high,0.5555555555555556,0.5339879512201591,0.9784323956646035,0.5555555555555556,0.05555555555555558,0.5339879512201591,0.033987951220159074
zero_hook,trait_agreeableness_00748,agreeableness,high,0.5555555555555556,0.33742356318638755,0.781868007630832,0.5555555555555556,0.05555555555555558,0.33742356318638755,-0.16257643681361245
zero_hook,trait_agreeableness_00749,agreeableness,high,0.5555555555555556,0.40700079223515967,0.8514452366796041,0.5555555555555556,0.05555555555555558,0.40700079223515967,-0.09299920776484033
zero_hook,trait_agreeableness_00750,agreeableness,high,0.5555555555555556,0.4726072706995228,0.9170517151439672,0.5555555555555556,0.05555555555555558,0.4726072706995228,-0.027392729300477203
zero_hook,trait_agreeableness_00701,agreeableness,low,0.5555555555555556,0.49261072278022766,0.9370551672246721,0.4444444444444444,-0.05555555555555558,0.5073892772197723,0.007389277219772339
zero_hook,trait_agreeableness_00702,agreeableness,low,0.5555555555555556,0.44934141635894775,0.8937858608033922,0.4444444444444444,-0.05555555555555558,0.5506585836410522,0.050658583641052246
zero_hook,trait_agreeableness_00703,agreeableness,low,0.5555555555555556,0.4530355415785977,0.8974799860230421,0.4444444444444444,-0.05555555555555558,0.5469644584214023,0.04696445842140229
zero_hook,trait_agreeableness_00704,agreeableness,low,0.5555555555555556,0.4718965730636291,0.9163410175080735,0.4444444444444444,-0.05555555555555558,0.5281034269363709,0.028103426936370912
zero_hook,trait_agreeableness_00705,agreeableness,low,0.5555555555555556,0.6256888806819916,0.929866674873564,0.4444444444444444,-0.05555555555555558,0.3743111193180084,-0.12568888068199158
zero_hook,trait_agreeableness_00706,agreeableness,low,0.5555555555555556,0.4702217657831048,0.9146662102275492,0.4444444444444444,-0.05555555555555558,0.5297782342168952,0.029778234216895183
zero_hook,trait_agreeableness_00707,agreeableness,low,0.5555555555555556,0.5232156657214264,0.9676601101658708,0.4444444444444444,-0.05555555555555558,0.4767843342785736,-0.023215665721426415
zero_hook,trait_agreeableness_00708,agreeableness,low,0.5555555555555556,0.4605466517561681,0.9049910962006125,0.4444444444444444,-0.05555555555555558,0.539453348243832,0.039453348243831954
zero_hook,trait_agreeableness_00709,agreeableness,low,0.5555555555555556,0.5608460521571926,0.994709503398363,0.4444444444444444,-0.05555555555555558,0.43915394784280737,-0.06084605215719263
zero_hook,trait_agreeableness_00710,agreeableness,low,0.5555555555555556,0.5371259519886084,0.9815703964330528,0.4444444444444444,-0.05555555555555558,0.46287404801139165,-0.03712595198860835
zero_hook,trait_agreeableness_00711,agreeableness,low,0.5555555555555556,0.3912734739130861,0.8357179183575305,0.4444444444444444,-0.05555555555555558,0.6087265260869139,0.10872652608691391
zero_hook,trait_agreeableness_00712,agreeableness,low,0.5555555555555556,0.5106536368733509,0.9550980813177953,0.4444444444444444,-0.05555555555555558,0.48934636312664914,-0.010653636873350858
zero_hook,trait_agreeableness_00713,agreeableness,low,0.5555555555555556,0.5105133430736265,0.9549577875180709,0.4444444444444444,-0.05555555555555558,0.4894866569263735,-0.010513343073626502
zero_hook,trait_agreeableness_00714,agreeableness,low,0.5555555555555556,0.5373867532221489,0.9818311976665933,0.4444444444444444,-0.05555555555555558,0.4626132467778511,-0.037386753222148905
zero_hook,trait_agreeableness_00715,agreeableness,low,0.5555555555555556,0.5447684445266657,0.9892128889711101,0.4444444444444444,-0.05555555555555558,0.45523155547333427,-0.04476844452666573
zero_hook,trait_agreeableness_00716,agreeableness,low,0.5555555555555556,0.48843547736300597,0.9328799218074504,0.4444444444444444,-0.05555555555555558,0.511564522636994,0.011564522636994035
zero_hook,trait_agreeableness_00717,agreeableness,low,0.5555555555555556,0.4882533328495423,0.9326977772939867,0.4444444444444444,-0.05555555555555558,0.5117466671504577,0.01174666715045769
zero_hook,trait_agreeableness_00718,agreeableness,low,0.5555555555555556,0.46254661679267883,0.9069910612371233,0.4444444444444444,-0.05555555555555558,0.5374533832073212,0.03745338320732117
zero_hook,trait_agreeableness_00719,agreeableness,low,0.5555555555555556,0.4341066454271491,0.8785510898715936,0.4444444444444444,-0.05555555555555558,0.5658933545728508,0.06589335457285084
zero_hook,trait_agreeableness_00720,agreeableness,low,0.5555555555555556,0.5145634932136015,0.9590079376580459,0.4444444444444444,-0.05555555555555558,0.4854365067863985,-0.014563493213601508
zero_hook,trait_agreeableness_00721,agreeableness,low,0.5555555555555556,0.5196382182782623,0.9640826627227067,0.4444444444444444,-0.05555555555555558,0.4803617817217377,-0.019638218278262287
zero_hook,trait_agreeableness_00722,agreeableness,low,0.5555555555555556,0.525895073238162,0.9703395176826064,0.4444444444444444,-0.05555555555555558,0.474104926761838,-0.02589507323816198
zero_hook,trait_agreeableness_00723,agreeableness,low,0.5555555555555556,0.47737722810174865,0.9218216725461931,0.4444444444444444,-0.05555555555555558,0.5226227718982513,0.022622771898251348
zero_hook,trait_agreeableness_00724,agreeableness,low,0.5555555555555556,0.6189642023422839,0.9365913532132717,0.4444444444444444,-0.05555555555555558,0.3810357976577161,-0.11896420234228389
zero_hook,trait_agreeableness_00725,agreeableness,low,0.5555555555555556,0.5659775992645264,0.9895779562910292,0.4444444444444444,-0.05555555555555558,0.4340224007354736,-0.0659775992645264
zero_hook,trait_agreeableness_00726,agreeableness,low,0.5555555555555556,0.5383695295210112,0.9828139739654557,0.4444444444444444,-0.05555555555555558,0.46163047047898875,-0.03836952952101125
zero_hook,trait_agreeableness_00727,agreeableness,low,0.5555555555555556,0.5371838212013245,0.9816282656457689,0.4444444444444444,-0.05555555555555558,0.46281617879867554,-0.03718382120132446
zero_hook,trait_agreeableness_00728,agreeableness,low,0.5555555555555556,0.5057401136419194,0.9501845580863638,0.4444444444444444,-0.05555555555555558,0.4942598863580806,-0.005740113641919398
zero_hook,trait_agreeableness_00729,agreeableness,low,0.5555555555555556,0.5156422997819692,0.9600867442264136,0.4444444444444444,-0.05555555555555558,0.4843577002180308,-0.015642299781969182
zero_hook,trait_agreeableness_00730,agreeableness,low,0.5555555555555556,0.374578712476694,0.8190231569211384,0.4444444444444444,-0.05555555555555558,0.6254212875233061,0.12542128752330606
zero_hook,trait_agreeableness_00731,agreeableness,low,0.5555555555555556,0.5128249896641822,0.9572694341086266,0.4444444444444444,-0.05555555555555558,0.4871750103358178,-0.012824989664182218
zero_hook,trait_agreeableness_00732,agreeableness,low,0.5555555555555556,0.47336846590042114,0.9178129103448656,0.4444444444444444,-0.05555555555555558,0.5266315340995789,0.026631534099578857
zero_hook,trait_agreeableness_00733,agreeableness,low,0.5555555555555556,0.5006557479793913,0.9451001924238357,0.4444444444444444,-0.05555555555555558,0.4993442520206087,-0.0006557479793912746
zero_hook,trait_agreeableness_00734,agreeableness,low,0.5555555555555556,0.5400472822806515,0.9844917267250959,0.4444444444444444,-0.05555555555555558,0.45995271771934854,-0.040047282280651464
zero_hook,trait_agreeableness_00735,agreeableness,low,0.5555555555555556,0.42676707684544873,0.8712115212898932,0.4444444444444444,-0.05555555555555558,0.5732329231545512,0.07323292315455121
zero_hook,trait_agreeableness_00736,agreeableness,low,0.5555555555555556,0.5166838626077094,0.9611283070521538,0.4444444444444444,-0.05555555555555558,0.4833161373922906,-0.016683862607709377
zero_hook,trait_agreeableness_00737,agreeableness,low,0.5555555555555556,0.47082934398186255,0.9152737884263069,0.4444444444444444,-0.05555555555555558,0.5291706560181375,0.02917065601813751
zero_hook,trait_agreeableness_00738,agreeableness,low,0.5555555555555556,0.4897034393295133,0.9341478837739577,0.4444444444444444,-0.05555555555555558,0.5102965606704867,0.010296560670486676
zero_hook,trait_agreeableness_00739,agreeableness,low,0.5555555555555556,0.5242079667038888,0.9686524111483332,0.4444444444444444,-0.05555555555555558,0.4757920332961112,-0.024207966703888806
zero_hook,trait_agreeableness_00740,agreeableness,low,0.5555555555555556,0.464495754144896,0.9089401985893404,0.4444444444444444,-0.05555555555555558,0.535504245855104,0.03550424585510403
zero_hook,trait_agreeableness_00741,agreeableness,low,0.5555555555555556,0.5239984158874266,0.968442860331871,0.4444444444444444,-0.05555555555555558,0.47600158411257343,-0.023998415887426572
zero_hook,trait_agreeableness_00742,agreeableness,low,0.5555555555555556,0.4068607445442233,0.8513051889886677,0.4444444444444444,-0.05555555555555558,0.5931392554557767,0.09313925545577673
zero_hook,trait_agreeableness_00743,agreeableness,low,0.5555555555555556,0.48303863456730145,0.9274830790117459,0.4444444444444444,-0.05555555555555558,0.5169613654326985,0.01696136543269855
zero_hook,trait_agreeableness_00744,agreeableness,low,0.5555555555555556,0.4700603423985686,0.914504786843013,0.4444444444444444,-0.05555555555555558,0.5299396576014315,0.02993965760143147
zero_hook,trait_agreeableness_00745,agreeableness,low,0.5555555555555556,0.5260059229729794,0.9704503674174239,0.4444444444444444,-0.05555555555555558,0.47399407702702057,-0.026005922972979434
zero_hook,trait_agreeableness_00746,agreeableness,low,0.5555555555555556,0.568723891301387,0.9868316642541686,0.4444444444444444,-0.05555555555555558,0.431276108698613,-0.06872389130138701
zero_hook,trait_agreeableness_00747,agreeableness,low,0.5555555555555556,0.5339879512201591,0.9784323956646035,0.4444444444444444,-0.05555555555555558,0.4660120487798409,-0.033987951220159074
zero_hook,trait_agreeableness_00748,agreeableness,low,0.5555555555555556,0.33742356318638755,0.781868007630832,0.4444444444444444,-0.05555555555555558,0.6625764368136124,0.16257643681361245
zero_hook,trait_agreeableness_00749,agreeableness,low,0.5555555555555556,0.40700079223515967,0.8514452366796041,0.4444444444444444,-0.05555555555555558,0.5929992077648403,0.09299920776484027
zero_hook,trait_agreeableness_00750,agreeableness,low,0.5555555555555556,0.4726072706995228,0.9170517151439672,0.4444444444444444,-0.05555555555555558,0.5273927293004772,0.027392729300477203
random_vector,trait_agreeableness_00701,agreeableness,high,0.5555555555555556,0.5095227436650208,0.9539671881094652,0.5555555555555556,0.05555555555555558,0.5095227436650208,0.009522743665020816
random_vector,trait_agreeableness_00702,agreeableness,high,0.5555555555555556,0.45801083868709686,0.9024552831315413,0.5555555555555556,0.05555555555555558,0.45801083868709686,-0.041989161312903145
random_vector,trait_agreeableness_00703,agreeableness,high,0.5555555555555556,0.45943457129987647,0.9038790157443208,0.5555555555555556,0.05555555555555558,0.45943457129987647,-0.04056542870012353
random_vector,trait_agreeableness_00704,agreeableness,high,0.5555555555555556,0.47017948240576635,0.9146239268502108,0.5555555555555556,0.05555555555555558,0.47017948240576635,-0.029820517594233653
random_vector,trait_agreeableness_00705,agreeableness,high,0.5555555555555556,0.6242680921714361,0.9312874633841195,0.5555555555555556,0.05555555555555558,0.6242680921714361,0.12426809217143608
random_vector,trait_agreeableness_00706,agreeableness,high,0.5555555555555556,0.4684968590736389,0.9129413035180833,0.5555555555555556,0.05555555555555558,0.4684968590736389,-0.031503140926361084
random_vector,trait_agreeableness_00707,agreeableness,high,0.5555555555555556,0.5163485263689913,0.9607929708134357,0.5555555555555556,0.05555555555555558,0.5163485263689913,0.016348526368991312
random_vector,trait_agreeableness_00708,agreeableness,high,0.5555555555555556,0.4756802931022469,0.9201247375466913,0.5555555555555556,0.05555555555555558,0.4756802931022469,-0.02431970689775309
random_vector,trait_agreeableness_00709,agreeableness,high,0.5555555555555556,0.5564845751144547,0.9990709804411009,0.5555555555555556,0.05555555555555558,0.5564845751144547,0.056484575114454705
random_vector,trait_agreeableness_00710,agreeableness,high,0.5555555555555556,0.5028918457856889,0.9473362902301333,0.5555555555555556,0.05555555555555558,0.5028918457856889,0.002891845785688907
random_vector,trait_agreeableness_00711,agreeableness,high,0.5555555555555556,0.41645936169978154,0.860903806144226,0.5555555555555556,0.05555555555555558,0.41645936169978154,-0.08354063830021846
random_vector,trait_agreeableness_00712,agreeableness,high,0.5555555555555556,0.5049567741920006,0.949401218636445,0.5555555555555556,0.05555555555555558,0.5049567741920006,0.004956774192000579
random_vector,trait_agreeableness_00713,agreeableness,high,0.5555555555555556,0.5105212631976981,0.9549657076421425,0.5555555555555556,0.05555555555555558,0.5105212631976981,0.010521263197698083
random_vector,trait_agreeableness_00714,agreeableness,high,0.5555555555555556,0.5272806663405994,0.9717251107850439,0.5555555555555556,0.05555555555555558,0.5272806663405994,0.027280666340599447
random_vector,trait_agreeableness_00715,agreeableness,high,0.5555555555555556,0.5349951386451721,0.9794395830896165,0.5555555555555556,0.05555555555555558,0.5349951386451721,0.03499513864517212
random_vector,trait_agreeableness_00716,agreeableness,high,0.5555555555555556,0.4932805748796292,0.9377250193240736,0.5555555555555556,0.05555555555555558,0.4932805748796292,-0.0067194251203708255
random_vector,trait_agreeableness_00717,agreeableness,high,0.5555555555555556,0.49771434061868014,0.9421587850631246,0.5555555555555556,0.05555555555555558,0.49771434061868014,-0.00228565938131986
random_vector,trait_agreeableness_00718,agreeableness,high,0.5555555555555556,0.4624332407479471,0.9068776851923915,0.5555555555555556,0.05555555555555558,0.4624332407479471,-0.037566759252052884
random_vector,trait_agreeableness_00719,agreeableness,high,0.5555555555555556,0.4569544413231975,0.9013988857676419,0.5555555555555556,0.05555555555555558,0.4569544413231975,-0.04304555867680249
random_vector,trait_agreeableness_00720,agreeableness,high,0.5555555555555556,0.5143990440011167,0.9588434884455611,0.5555555555555556,0.05555555555555558,0.5143990440011167,0.01439904400111669
random_vector,trait_agreeableness_00721,agreeableness,high,0.5555555555555556,0.51280429233319,0.9572487367776344,0.5555555555555556,0.05555555555555558,0.51280429233319,0.012804292333190026
random_vector,trait_agreeableness_00722,agreeableness,high,0.5555555555555556,0.5217159468191258,0.9661603912635702,0.5555555555555556,0.05555555555555558,0.5217159468191258,0.02171594681912581
random_vector,trait_agreeableness_00723,agreeableness,high,0.5555555555555556,0.49549569941318483,0.9399401438576293,0.5555555555555556,0.05555555555555558,0.49549569941318483,-0.004504300586815169
random_vector,trait_agreeableness_00724,agreeableness,high,0.5555555555555556,0.5854121497519106,0.970143405803645,0.5555555555555556,0.05555555555555558,0.5854121497519106,0.08541214975191058
random_vector,trait_agreeableness_00725,agreeableness,high,0.5555555555555556,0.5576857890077955,0.99786976654776,0.5555555555555556,0.05555555555555558,0.5576857890077955,0.05768578900779553
random_vector,trait_agreeableness_00726,agreeableness,high,0.5555555555555556,0.5267680162282005,0.9712124606726449,0.5555555555555556,0.05555555555555558,0.5267680162282005,0.026768016228200464
random_vector,trait_agreeableness_00727,agreeableness,high,0.5555555555555556,0.5290232143097158,0.9734676587541602,0.5555555555555556,0.05555555555555558,0.5290232143097158,0.029023214309715772
random_vector,trait_agreeableness_00728,agreeableness,high,0.5555555555555556,0.5065071435721857,0.9509515880166302,0.5555555555555556,0.05555555555555558,0.5065071435721857,0.006507143572185736
random_vector,trait_agreeableness_00729,agreeableness,high,0.5555555555555556,0.5084453227652705,0.952889767209715,0.5555555555555556,0.05555555555555558,0.5084453227652705,0.008445322765270546
random_vector,trait_agreeableness_00730,agreeableness,high,0.5555555555555556,0.38611187040805817,0.8305563148525026,0.5555555555555556,0.05555555555555558,0.38611187040805817,-0.11388812959194183
random_vector,trait_agreeableness_00731,agreeableness,high,0.5555555555555556,0.522941380739212,0.9673858251836565,0.5555555555555556,0.05555555555555558,0.522941380739212,0.022941380739212036
random_vector,trait_agreeableness_00732,agreeableness,high,0.5555555555555556,0.47648588603010944,0.9209303304745539,0.5555555555555556,0.05555555555555558,0.47648588603010944,-0.02351411396989056
random_vector,trait_agreeableness_00733,agreeableness,high,0.5555555555555556,0.49882867182025337,0.9432731162646978,0.5555555555555556,0.05555555555555558,0.49882867182025337,-0.0011713281797466335
random_vector,trait_agreeableness_00734,agreeableness,high,0.5555555555555556,0.5420186575344805,0.986463101978925,0.5555555555555556,0.05555555555555558,0.5420186575344805,0.04201865753448053
random_vector,trait_agreeableness_00735,agreeableness,high,0.5555555555555556,0.44442764752466013,0.8888720919691045,0.5555555555555556,0.05555555555555558,0.44442764752466013,-0.05557235247533987
random_vector,trait_agreeableness_00736,agreeableness,high,0.5555555555555556,0.5017339288154883,0.9461783732599327,0.5555555555555556,0.05555555555555558,0.5017339288154883,0.0017339288154882837
random_vector,trait_agreeableness_00737,agreeableness,high,0.5555555555555556,0.4810888623866778,0.9255333068311222,0.5555555555555556,0.05555555555555558,0.4810888623866778,-0.018911137613322193
random_vector,trait_agreeableness_00738,agreeableness,high,0.5555555555555556,0.497732624479156,0.9421770689236004,0.5555555555555556,0.05555555555555558,0.497732624479156,-0.002267375520843995
random_vector,trait_agreeableness_00739,agreeableness,high,0.5555555555555556,0.5272398528712922,0.9716842973157366,0.5555555555555556,0.05555555555555558,0.5272398528712922,0.02723985287129216
random_vector,trait_agreeableness_00740,agreeableness,high,0.5555555555555556,0.46924158930778503,0.9136860337522295,0.5555555555555556,0.05555555555555558,0.46924158930778503,-0.030758410692214966
random_vector,trait_agreeableness_00741,agreeableness,high,0.5555555555555556,0.5399972188473576,0.984441663291802,0.5555555555555556,0.05555555555555558,0.5399972188473576,0.03999721884735763
random_vector,trait_agreeableness_00742,agreeableness,high,0.5555555555555556,0.4299789325902343,0.8744233770346788,0.5555555555555556,0.05555555555555558,0.4299789325902343,-0.07002106740976571
random_vector,trait_agreeableness_00743,agreeableness,high,0.5555555555555556,0.4917601715815144,0.9362046160259588,0.5555555555555556,0.05555555555555558,0.4917601715815144,-0.008239828418485584
random_vector,trait_agreeableness_00744,agreeableness,high,0.5555555555555556,0.46687573095785767,0.9113201754023021,0.5555555555555556,0.05555555555555558,0.46687573095785767,-0.03312426904214233
random_vector,trait_agreeableness_00745,agreeableness,high,0.5555555555555556,0.5408046358104376,0.985249080254882,0.5555555555555556,0.05555555555555558,0.5408046358104376,0.040804635810437584
random_vector,trait_agreeableness_00746,agreeableness,high,0.5555555555555556,0.5415497720241547,0.9859942164685991,0.5555555555555556,0.05555555555555558,0.5415497720241547,0.04154977202415466
random_vector,trait_agreeableness_00747,agreeableness,high,0.5555555555555556,0.5272829892955874,0.9717274337400318,0.5555555555555556,0.05555555555555558,0.5272829892955874,0.027282989295587368
random_vector,trait_agreeableness_00748,agreeableness,high,0.5555555555555556,0.3679812723412162,0.8124257167856606,0.5555555555555556,0.05555555555555558,0.3679812723412162,-0.1320187276587838
random_vector,trait_agreeableness_00749,agreeableness,high,0.5555555555555556,0.4211555633121068,0.8656000077565512,0.5555555555555556,0.05555555555555558,0.4211555633121068,-0.0788444366878932
random_vector,trait_agreeableness_00750,agreeableness,high,0.5555555555555556,0.47700358995784553,0.92144803440229,0.5555555555555556,0.05555555555555558,0.47700358995784553,-0.02299641004215447
random_vector,trait_agreeableness_00701,agreeableness,low,0.5555555555555556,0.4790847819907186,0.923529226435163,0.4444444444444444,-0.05555555555555558,0.5209152180092814,0.020915218009281422
random_vector,trait_agreeableness_00702,agreeableness,low,0.5555555555555556,0.4517124050131025,0.8961568494575469,0.4444444444444444,-0.05555555555555558,0.5482875949868975,0.0482875949868975
random_vector,trait_agreeableness_00703,agreeableness,low,0.5555555555555556,0.45577689741712196,0.9002213418615663,0.4444444444444444,-0.05555555555555558,0.5442231025828781,0.04422310258287809
random_vector,trait_agreeableness_00704,agreeableness,low,0.5555555555555556,0.46503888555160805,0.9094833299960525,0.4444444444444444,-0.05555555555555558,0.5349611144483919,0.034961114448391895
random_vector,trait_agreeableness_00705,agreeableness,low,0.5555555555555556,0.5901095148953651,0.9654460406601905,0.4444444444444444,-0.05555555555555558,0.4098904851046349,-0.09010951489536512
random_vector,trait_agreeableness_00706,agreeableness,low,0.5555555555555556,0.4690454103763841,0.9134898548208286,0.4444444444444444,-0.05555555555555558,0.5309545896236159,0.030954589623615858
random_vector,trait_agreeableness_00707,agreeableness,low,0.5555555555555556,0.5433465783303937,0.9877910227748381,0.4444444444444444,-0.05555555555555558,0.4566534216696063,-0.04334657833039368
random_vector,trait_agreeableness_00708,agreeableness,low,0.5555555555555556,0.48291698047271314,0.9273614249171576,0.4444444444444444,-0.05555555555555558,0.5170830195272869,0.017083019527286858
random_vector,trait_agreeableness_00709,agreeableness,low,0.5555555555555556,0.5446384928321614,0.9890829372766058,0.4444444444444444,-0.05555555555555558,0.45536150716783863,-0.04463849283216137
random_vector,trait_agreeableness_00710,agreeableness,low,0.5555555555555556,0.5726315315459897,0.9829240240095659,0.4444444444444444,-0.05555555555555558,0.42736846845401033,-0.07263153154598967
random_vector,trait_agreeableness_00711,agreeableness,low,0.5555555555555556,0.3896653238038622,0.8341097682483066,0.4444444444444444,-0.05555555555555558,0.6103346761961378,0.1103346761961378
random_vector,trait_agreeableness_00712,agreeableness,low,0.5555555555555556,0.5259768210060352,0.9704212654504796,0.4444444444444444,-0.05555555555555558,0.47402317899396484,-0.025976821006035156
random_vector,trait_agreeableness_00713,agreeableness,low,0.5555555555555556,0.5062520426697116,0.950696487114156,0.4444444444444444,-0.05555555555555558,0.4937479573302884,-0.006252042669711577
random_vector,trait_agreeableness_00714,agreeableness,low,0.5555555555555556,0.5390978914230433,0.9835423358674877,0.4444444444444444,-0.05555555555555558,0.4609021085769567,-0.03909789142304332
random_vector,trait_agreeableness_00715,agreeableness,low,0.5555555555555556,0.5480433702468872,0.9924878146913316,0.4444444444444444,-0.05555555555555558,0.4519566297531128,-0.04804337024688721
random_vector,trait_agreeableness_00716,agreeableness,low,0.5555555555555556,0.5250724986152352,0.9695169430596796,0.4444444444444444,-0.05555555555555558,0.4749275013847648,-0.025072498615235195
random_vector,trait_agreeableness_00717,agreeableness,low,0.5555555555555556,0.48813028633594513,0.9325747307803895,0.4444444444444444,-0.05555555555555558,0.5118697136640549,0.01186971366405487
random_vector,trait_agreeableness_00718,agreeableness,low,0.5555555555555556,0.4674651413799014,0.9119095858243458,0.4444444444444444,-0.05555555555555558,0.5325348586200986,0.03253485862009864
random_vector,trait_agreeableness_00719,agreeableness,low,0.5555555555555556,0.43631525147900735,0.8807596959234518,0.4444444444444444,-0.05555555555555558,0.5636847485209926,0.0636847485209926
random_vector,trait_agreeableness_00720,agreeableness,low,0.5555555555555556,0.5520323432679125,0.9964767877123569,0.4444444444444444,-0.05555555555555558,0.4479676567320875,-0.052032343267912506
random_vector,trait_agreeableness_00721,agreeableness,low,0.5555555555555556,0.504437498417683,0.9488819428621275,0.4444444444444444,-0.05555555555555558,0.49556250158231696,-0.004437498417683039
random_vector,trait_agreeableness_00722,agreeableness,low,0.5555555555555556,0.5514354572127895,0.995879901657234,0.4444444444444444,-0.05555555555555558,0.4485645427872105,-0.051435457212789526
random_vector,trait_agreeableness_00723,agreeableness,low,0.5555555555555556,0.4783257090546402,0.9227701534990846,0.4444444444444444,-0.05555555555555558,0.5216742909453598,0.021674290945359775
random_vector,trait_agreeableness_00724,agreeableness,low,0.5555555555555556,0.6290611343505471,0.9264944212050085,0.4444444444444444,-0.05555555555555558,0.3709388656494529,-0.1290611343505471
random_vector,trait_agreeableness_00725,agreeableness,low,0.5555555555555556,0.5715344377894868,0.9840211177660688,0.4444444444444444,-0.05555555555555558,0.42846556221051324,-0.07153443778948676
random_vector,trait_agreeableness_00726,agreeableness,low,0.5555555555555556,0.5403940516592844,0.9848384961037289,0.4444444444444444,-0.05555555555555558,0.45960594834071555,-0.04039405165928445
random_vector,trait_agreeableness_00727,agreeableness,low,0.5555555555555556,0.5329772770245647,0.9774217214690091,0.4444444444444444,-0.05555555555555558,0.46702272297543534,-0.032977277024564655
random_vector,trait_agreeableness_00728,agreeableness,low,0.5555555555555556,0.5217396914958954,0.9661841359403398,0.4444444444444444,-0.05555555555555558,0.4782603085041046,-0.021739691495895386
random_vector,trait_agreeableness_00729,agreeableness,low,0.5555555555555556,0.5207481604703045,0.9651926049147489,0.4444444444444444,-0.05555555555555558,0.4792518395296955,-0.020748160470304478
random_vector,trait_agreeableness_00730,agreeableness,low,0.5555555555555556,0.3955883175792051,0.8400327620236495,0.4444444444444444,-0.05555555555555558,0.6044116824207949,0.1044116824207949
random_vector,trait_agreeableness_00731,agreeableness,low,0.5555555555555556,0.5156540640151174,0.9600985084595618,0.4444444444444444,-0.05555555555555558,0.4843459359848826,-0.015654064015117375
random_vector,trait_agreeableness_00732,agreeableness,low,0.5555555555555556,0.4923074690195164,0.9367519134639608,0.4444444444444444,-0.05555555555555558,0.5076925309804836,0.007692530980483614
random_vector,trait_agreeableness_00733,agreeableness,low,0.5555555555555556,0.4938541203737259,0.9382985648181703,0.4444444444444444,-0.05555555555555558,0.5061458796262741,0.006145879626274109
random_vector,trait_agreeableness_00734,agreeableness,low,0.5555555555555556,0.5335773627145114,0.9780218071589558,0.4444444444444444,-0.05555555555555558,0.4664226372854886,-0.033577362714511394
random_vector,trait_agreeableness_00735,agreeableness,low,0.5555555555555556,0.4349426439370301,0.8793870883814745,0.4444444444444444,-0.05555555555555558,0.5650573560629699,0.06505735606296992
random_vector,trait_agreeableness_00736,agreeableness,low,0.5555555555555556,0.5476303018982663,0.9920747463427108,0.4444444444444444,-0.05555555555555558,0.45236969810173366,-0.047630301898266336
random_vector,trait_agreeableness_00737,agreeableness,low,0.5555555555555556,0.4584173802248815,0.9028618246693259,0.4444444444444444,-0.05555555555555558,0.5415826197751186,0.04158261977511857
random_vector,trait_agreeableness_00738,agreeableness,low,0.5555555555555556,0.49166815740364556,0.93611260184809,0.4444444444444444,-0.05555555555555558,0.5083318425963544,0.008331842596354444
random_vector,trait_agreeableness_00739,agreeableness,low,0.5555555555555556,0.5149773580584324,0.9594218025028768,0.4444444444444444,-0.05555555555555558,0.48502264194156763,-0.014977358058432366
random_vector,trait_agreeableness_00740,agreeableness,low,0.5555555555555556,0.4740433990955353,0.9184878435399797,0.4444444444444444,-0.05555555555555558,0.5259566009044647,0.02595660090446472
random_vector,trait_agreeableness_00741,agreeableness,low,0.5555555555555556,0.5166906704490978,0.9611351148935422,0.4444444444444444,-0.05555555555555558,0.4833093295509022,-0.016690670449097778
random_vector,trait_agreeableness_00742,agreeableness,low,0.5555555555555556,0.41365630667377434,0.8581007511182188,0.4444444444444444,-0.05555555555555558,0.5863436933262256,0.0863436933262256
random_vector,trait_agreeableness_00743,agreeableness,low,0.5555555555555556,0.4923805741185121,0.9368250185629565,0.4444444444444444,-0.05555555555555558,0.5076194258814879,0.007619425881487896
random_vector,trait_agreeableness_00744,agreeableness,low,0.5555555555555556,0.49036967696962813,0.9348141214140726,0.4444444444444444,-0.05555555555555558,0.5096303230303718,0.009630323030371812
random_vector,trait_agreeableness_00745,agreeableness,low,0.5555555555555556,0.514348716398997,0.9587931608434415,0.4444444444444444,-0.05555555555555558,0.48565128360100296,-0.014348716398997041
random_vector,trait_agreeableness_00746,agreeableness,low,0.5555555555555556,0.5745439573850606,0.981011598170495,0.4444444444444444,-0.05555555555555558,0.4254560426149394,-0.07454395738506059
random_vector,trait_agreeableness_00747,agreeableness,low,0.5555555555555556,0.556281422542866,0.9992741330126895,0.4444444444444444,-0.05555555555555558,0.44371857745713394,-0.056281422542866055
random_vector,trait_agreeableness_00748,agreeableness,low,0.5555555555555556,0.36629289388656616,0.8107373383310106,0.4444444444444444,-0.05555555555555558,0.6337071061134338,0.13370710611343384
random_vector,trait_agreeableness_00749,agreeableness,low,0.5555555555555556,0.40290950839086637,0.8473539528353108,0.4444444444444444,-0.05555555555555558,0.5970904916091336,0.09709049160913363
random_vector,trait_agreeableness_00750,agreeableness,low,0.5555555555555556,0.47396530762056316,0.9184097520650076,0.4444444444444444,-0.05555555555555558,0.5260346923794368,0.026034692379436786
unrelated_trait_vector,trait_agreeableness_00701,agreeableness,high,0.5555555555555556,0.47976078153369484,0.9242052259781393,0.5555555555555556,0.05555555555555558,0.47976078153369484,-0.020239218466305164
unrelated_trait_vector,trait_agreeableness_00702,agreeableness,high,0.5555555555555556,0.4482061564922333,0.8926506009366777,0.5555555555555556,0.05555555555555558,0.4482061564922333,-0.051793843507766724
unrelated_trait_vector,trait_agreeableness_00703,agreeableness,high,0.5555555555555556,0.4484683573246002,0.8929128017690446,0.5555555555555556,0.05555555555555558,0.4484683573246002,-0.05153164267539978
unrelated_trait_vector,trait_agreeableness_00704,agreeableness,high,0.5555555555555556,0.4648936013116479,0.9093380457560923,0.5555555555555556,0.05555555555555558,0.4648936013116479,-0.03510639868835208
unrelated_trait_vector,trait_agreeableness_00705,agreeableness,high,0.5555555555555556,0.6333611294639615,0.9221944260915941,0.5555555555555556,0.05555555555555558,0.6333611294639615,0.1333611294639615
unrelated_trait_vector,trait_agreeableness_00706,agreeableness,high,0.5555555555555556,0.4654585580391121,0.9099030024835566,0.5555555555555556,0.05555555555555558,0.4654585580391121,-0.034541441960887875
unrelated_trait_vector,trait_agreeableness_00707,agreeableness,high,0.5555555555555556,0.5403967443285917,0.9848411887730362,0.5555555555555556,0.05555555555555558,0.5403967443285917,0.04039674432859175
unrelated_trait_vector,trait_agreeableness_00708,agreeableness,high,0.5555555555555556,0.4531289811715911,0.8975734256160355,0.5555555555555556,0.05555555555555558,0.4531289811715911,-0.046871018828408884
unrelated_trait_vector,trait_agreeableness_00709,agreeableness,high,0.5555555555555556,0.5589981377124786,0.9965574178430769,0.5555555555555556,0.05555555555555558,0.5589981377124786,0.05899813771247864
unrelated_trait_vector,trait_agreeableness_00710,agreeableness,high,0.5555555555555556,0.5417636589529856,0.98620810339743,0.5555555555555556,0.05555555555555558,0.5417636589529856,0.041763658952985616
unrelated_trait_vector,trait_agreeableness_00711,agreeableness,high,0.5555555555555556,0.3928000511884674,0.8372444956329118,0.5555555555555556,0.05555555555555558,0.3928000511884674,-0.10719994881153261
unrelated_trait_vector,trait_agreeableness_00712,agreeableness,high,0.5555555555555556,0.559746652841568,0.9958089027139876,0.5555555555555556,0.05555555555555558,0.559746652841568,0.05974665284156799
unrelated_trait_vector,trait_agreeableness_00713,agreeableness,high,0.5555555555555556,0.5239631157522929,0.9684075601967373,0.5555555555555556,0.05555555555555558,0.5239631157522929,0.02396311575229293
unrelated_trait_vector,trait_agreeableness_00714,agreeableness,high,0.5555555555555556,0.5303653618584465,0.9748098063028909,0.5555555555555556,0.05555555555555558,0.5303653618584465,0.030365361858446516
unrelated_trait_vector,trait_agreeableness_00715,agreeableness,high,0.5555555555555556,0.5108651147911715,0.9553095592356159,0.5555555555555556,0.05555555555555558,0.5108651147911715,0.01086511479117147
unrelated_trait_vector,trait_agreeableness_00716,agreeableness,high,0.5555555555555556,0.4995820075273514,0.9440264519717958,0.5555555555555556,0.05555555555555558,0.4995820075273514,-0.0004179924726486206
unrelated_trait_vector,trait_agreeableness_00717,agreeableness,high,0.5555555555555556,0.48678820560556957,0.931232650050014,0.5555555555555556,0.05555555555555558,0.48678820560556957,-0.013211794394430432
unrelated_trait_vector,trait_agreeableness_00718,agreeableness,high,0.5555555555555556,0.42135354014267834,0.8657979845871228,0.5555555555555556,0.05555555555555558,0.42135354014267834,-0.07864645985732166
unrelated_trait_vector,trait_agreeableness_00719,agreeableness,high,0.5555555555555556,0.43268685687611785,0.8771313013205623,0.5555555555555556,0.05555555555555558,0.43268685687611785,-0.06731314312388215
unrelated_trait_vector,trait_agreeableness_00720,agreeableness,high,0.5555555555555556,0.552202804320967,0.9966472487654114,0.5555555555555556,0.05555555555555558,0.552202804320967,0.05220280432096702
unrelated_trait_vector,trait_agreeableness_00721,agreeableness,high,0.5555555555555556,0.4947990254342701,0.9392434698787145,0.5555555555555556,0.05555555555555558,0.4947990254342701,-0.005200974565729877
unrelated_trait_vector,trait_agreeableness_00722,agreeableness,high,0.5555555555555556,0.5131137672994663,0.9575582117439108,0.5555555555555556,0.05555555555555558,0.5131137672994663,0.013113767299466339
unrelated_trait_vector,trait_agreeableness_00723,agreeableness,high,0.5555555555555556,0.4830243813540879,0.9274688257985323,0.5555555555555556,0.05555555555555558,0.4830243813540879,-0.016975618645912127
unrelated_trait_vector,trait_agreeableness_00724,agreeableness,high,0.5555555555555556,0.6454727149825202,0.9100828405730353,0.5555555555555556,0.05555555555555558,0.6454727149825202,0.14547271498252023
unrelated_trait_vector,trait_agreeableness_00725,agreeableness,high,0.5555555555555556,0.5345862091707774,0.9790306536152218,0.5555555555555556,0.05555555555555558,0.5345862091707774,0.03458620917077737
unrelated_trait_vector,trait_agreeableness_00726,agreeableness,high,0.5555555555555556,0.507953502593346,0.9523979470377905,0.5555555555555556,0.05555555555555558,0.507953502593346,0.00795350259334604
unrelated_trait_vector,trait_agreeableness_00727,agreeableness,high,0.5555555555555556,0.5387722551822662,0.9832166996267107,0.5555555555555556,0.05555555555555558,0.5387722551822662,0.038772255182266235
unrelated_trait_vector,trait_agreeableness_00728,agreeableness,high,0.5555555555555556,0.5085812958652167,0.9530257403096611,0.5555555555555556,0.05555555555555558,0.5085812958652167,0.00858129586521672
unrelated_trait_vector,trait_agreeableness_00729,agreeableness,high,0.5555555555555556,0.5099082671037515,0.9543527115481959,0.5555555555555556,0.05555555555555558,0.5099082671037515,0.009908267103751478
unrelated_trait_vector,trait_agreeableness_00730,agreeableness,high,0.5555555555555556,0.38288171938414217,0.8273261638285866,0.5555555555555556,0.05555555555555558,0.38288171938414217,-0.11711828061585783
unrelated_trait_vector,trait_agreeableness_00731,agreeableness,high,0.5555555555555556,0.5078553186037439,0.9522997630481883,0.5555555555555556,0.05555555555555558,0.5078553186037439,0.007855318603743888
unrelated_trait_vector,trait_agreeableness_00732,agreeableness,high,0.5555555555555556,0.45879869846699683,0.9032431429114413,0.5555555555555556,0.05555555555555558,0.45879869846699683,-0.041201301533003165
unrelated_trait_vector,trait_agreeableness_00733,agreeableness,high,0.5555555555555556,0.5306873707780557,0.9751318152225001,0.5555555555555556,0.05555555555555558,0.5306873707780557,0.030687370778055723
unrelated_trait_vector,trait_agreeableness_00734,agreeableness,high,0.5555555555555556,0.5219657369518304,0.9664101813962748,0.5555555555555556,0.05555555555555558,0.5219657369518304,0.02196573695183035
unrelated_trait_vector,trait_agreeableness_00735,agreeableness,high,0.5555555555555556,0.43804455357391653,0.882488998018361,0.5555555555555556,0.05555555555555558,0.43804455357391653,-0.06195544642608347
unrelated_trait_vector,trait_agreeableness_00736,agreeableness,high,0.5555555555555556,0.5540856388756252,0.9985300833200697,0.5555555555555556,0.05555555555555558,0.5540856388756252,0.05408563887562523
unrelated_trait_vector,trait_agreeableness_00737,agreeableness,high,0.5555555555555556,0.48343810537826387,0.9278825498227083,0.5555555555555556,0.05555555555555558,0.48343810537826387,-0.01656189462173613
unrelated_trait_vector,trait_agreeableness_00738,agreeableness,high,0.5555555555555556,0.4667322943588407,0.9111767388032852,0.5555555555555556,0.05555555555555558,0.4667322943588407,-0.03326770564115927
unrelated_trait_vector,trait_agreeableness_00739,agreeableness,high,0.5555555555555556,0.5236678875585761,0.9681123320030205,0.5555555555555556,0.05555555555555558,0.5236678875585761,0.023667887558576073
unrelated_trait_vector,trait_agreeableness_00740,agreeableness,high,0.5555555555555556,0.4552808268284551,0.8997252712728996,0.5555555555555556,0.05555555555555558,0.4552808268284551,-0.04471917317154489
unrelated_trait_vector,trait_agreeableness_00741,agreeableness,high,0.5555555555555556,0.5267253832057347,0.9711698276501791,0.5555555555555556,0.05555555555555558,0.5267253832057347,0.0267253832057347
unrelated_trait_vector,trait_agreeableness_00742,agreeableness,high,0.5555555555555556,0.40040273961404416,0.8448471840584886,0.5555555555555556,0.05555555555555558,0.40040273961404416,-0.09959726038595584
unrelated_trait_vector,trait_agreeableness_00743,agreeableness,high,0.5555555555555556,0.5245121724758199,0.9689566169202644,0.5555555555555556,0.05555555555555558,0.5245121724758199,0.024512172475819938
unrelated_trait_vector,trait_agreeableness_00744,agreeableness,high,0.5555555555555556,0.42148034040571275,0.8659247848501572,0.5555555555555556,0.05555555555555558,0.42148034040571275,-0.07851965959428725
unrelated_trait_vector,trait_agreeableness_00745,agreeableness,high,0.5555555555555556,0.5373200969904589,0.9817645414349033,0.5555555555555556,0.05555555555555558,0.5373200969904589,0.037320096990458906
unrelated_trait_vector,trait_agreeableness_00746,agreeableness,high,0.5555555555555556,0.557574490525619,0.9979810650299366,0.5555555555555556,0.05555555555555558,0.557574490525619,0.057574490525619026
unrelated_trait_vector,trait_agreeableness_00747,agreeableness,high,0.5555555555555556,0.539388089198229,0.9838325336426734,0.5555555555555556,0.05555555555555558,0.539388089198229,0.039388089198229004
unrelated_trait_vector,trait_agreeableness_00748,agreeableness,high,0.5555555555555556,0.32716603117191606,0.7716104756163604,0.5555555555555556,0.05555555555555558,0.32716603117191606,-0.17283396882808394
unrelated_trait_vector,trait_agreeableness_00749,agreeableness,high,0.5555555555555556,0.4543861611370396,0.8988306055814841,0.5555555555555556,0.05555555555555558,0.4543861611370396,-0.04561383886296039
unrelated_trait_vector,trait_agreeableness_00750,agreeableness,high,0.5555555555555556,0.4687711298465729,0.9132155742910173,0.5555555555555556,0.05555555555555558,0.4687711298465729,-0.031228870153427124
unrelated_trait_vector,trait_agreeableness_00701,agreeableness,low,0.5555555555555556,0.501790404266405,0.9462348487108494,0.4444444444444444,-0.05555555555555558,0.498209595733595,-0.0017904042664049769
unrelated_trait_vector,trait_agreeableness_00702,agreeableness,low,0.5555555555555556,0.46042520043699736,0.9048696448814417,0.4444444444444444,-0.05555555555555558,0.5395747995630027,0.039574799563002694
unrelated_trait_vector,trait_agreeableness_00703,agreeableness,low,0.5555555555555556,0.45943891196606923,0.9038833564105136,0.4444444444444444,-0.05555555555555558,0.5405610880339308,0.04056108803393077
unrelated_trait_vector,trait_agreeableness_00704,agreeableness,low,0.5555555555555556,0.47283846763544385,0.9172829120798882,0.4444444444444444,-0.05555555555555558,0.5271615323645562,0.027161532364556207
unrelated_trait_vector,trait_agreeableness_00705,agreeableness,low,0.5555555555555556,0.5745509434825969,0.9810046120729586,0.4444444444444444,-0.05555555555555558,0.42544905651740306,-0.07455094348259694
unrelated_trait_vector,trait_agreeableness_00706,agreeableness,low,0.5555555555555556,0.4684381643403123,0.9128826087847568,0.4444444444444444,-0.05555555555555558,0.5315618356596876,0.03156183565968762
unrelated_trait_vector,trait_agreeableness_00707,agreeableness,low,0.5555555555555556,0.5031423343803435,0.9475867788247879,0.4444444444444444,-0.05555555555555558,0.4968576656196565,-0.0031423343803435033
unrelated_trait_vector,trait_agreeableness_00708,agreeableness,low,0.5555555555555556,0.4693003716439341,0.9137448160883785,0.4444444444444444,-0.05555555555555558,0.5306996283560659,0.030699628356065878
unrelated_trait_vector,trait_agreeableness_00709,agreeableness,low,0.5555555555555556,0.5480860337044606,0.992530478148905,0.4444444444444444,-0.05555555555555558,0.45191396629553937,-0.04808603370446063
unrelated_trait_vector,trait_agreeableness_00710,agreeableness,low,0.5555555555555556,0.516855583097207,0.9613000275416514,0.4444444444444444,-0.05555555555555558,0.483144416902793,-0.016855583097207028
unrelated_trait_vector,trait_agreeableness_00711,agreeableness,low,0.5555555555555556,0.4163785961809964,0.8608230406254408,0.4444444444444444,-0.05555555555555558,0.5836214038190036,0.08362140381900363
unrelated_trait_vector,trait_agreeableness_00712,agreeableness,low,0.5555555555555556,0.49094257544237785,0.9353870198868223,0.4444444444444444,-0.05555555555555558,0.5090574245576222,0.009057424557622151
unrelated_trait_vector,trait_agreeableness_00713,agreeableness,low,0.5555555555555556,0.5024014561652703,0.9468459006097147,0.4444444444444444,-0.05555555555555558,0.4975985438347297,-0.0024014561652703215
unrelated_trait_vector,trait_agreeableness_00714,agreeableness,low,0.5555555555555556,0.5287580639123917,0.9732025083568361,0.4444444444444444,-0.05555555555555558,0.47124193608760834,-0.028758063912391663
unrelated_trait_vector,trait_agreeableness_00715,agreeableness,low,0.5555555555555556,0.5379452247039906,0.9823896691484351,0.4444444444444444,-0.05555555555555558,0.46205477529600936,-0.03794522470399064
unrelated_trait_vector,trait_agreeableness_00716,agreeableness,low,0.5555555555555556,0.5114611837703342,0.9559056282147786,0.4444444444444444,-0.05555555555555558,0.4885388162296658,-0.011461183770334227
unrelated_trait_vector,trait_agreeableness_00717,agreeableness,low,0.5555555555555556,0.4875281827520105,0.9319726271964549,0.4444444444444444,-0.05555555555555558,0.5124718172479895,0.012471817247989514
unrelated_trait_vector,trait_agreeableness_00718,agreeableness,low,0.5555555555555556,0.4922027888237599,0.9366472332682043,0.4444444444444444,-0.05555555555555558,0.5077972111762401,0.007797211176240104
unrelated_trait_vector,trait_agreeableness_00719,agreeableness,low,0.5555555555555556,0.4571719007841319,0.9016163452285764,0.4444444444444444,-0.05555555555555558,0.542828099215868,0.042828099215868054
unrelated_trait_vector,trait_agreeableness_00720,agreeableness,low,0.5555555555555556,0.5109224908994143,0.9553669353438587,0.4444444444444444,-0.05555555555555558,0.4890775091005857,-0.010922490899414328
unrelated_trait_vector,trait_agreeableness_00721,agreeableness,low,0.5555555555555556,0.5146055664239655,0.9590500108684099,0.4444444444444444,-0.05555555555555558,0.4853944335760345,-0.014605566423965488
unrelated_trait_vector,trait_agreeableness_00722,agreeableness,low,0.5555555555555556,0.5547332300325265,0.9991776744769709,0.4444444444444444,-0.05555555555555558,0.4452667699674735,-0.0547332300325265
unrelated_trait_vector,trait_agreeableness_00723,agreeableness,low,0.5555555555555556,0.48225927912913197,0.9267037235735764,0.4444444444444444,-0.05555555555555558,0.517740720870868,0.017740720870867976
unrelated_trait_vector,trait_agreeableness_00724,agreeableness,low,0.5555555555555556,0.5902113826541396,0.9653441729014159,0.4444444444444444,-0.05555555555555558,0.40978861734586036,-0.09021138265413964
unrelated_trait_vector,trait_agreeableness_00725,agreeableness,low,0.5555555555555556,0.5771210365629506,0.978434518992605,0.4444444444444444,-0.05555555555555558,0.42287896343704945,-0.07712103656295055
unrelated_trait_vector,trait_agreeableness_00726,agreeableness,low,0.5555555555555556,0.5712550644208548,0.9843004911347008,0.4444444444444444,-0.05555555555555558,0.42874493557914517,-0.07125506442085483
unrelated_trait_vector,trait_agreeableness_00727,agreeableness,low,0.5555555555555556,0.5269574083971205,0.9714018528415649,0.4444444444444444,-0.05555555555555558,0.47304259160287954,-0.026957408397120464
unrelated_trait_vector,trait_agreeableness_00728,agreeableness,low,0.5555555555555556,0.49170909896113585,0.9361535434055803,0.4444444444444444,-0.05555555555555558,0.5082909010388641,0.008290901038864096
unrelated_trait_vector,trait_agreeableness_00729,agreeableness,low,0.5555555555555556,0.5121273322086434,0.9565717766530878,0.4444444444444444,-0.05555555555555558,0.48787266779135663,-0.012127332208643371
unrelated_trait_vector,trait_agreeableness_00730,agreeableness,low,0.5555555555555556,0.3681929095897268,0.8126373540341711,0.4444444444444444,-0.05555555555555558,0.6318070904102733,0.13180709041027328
unrelated_trait_vector,trait_agreeableness_00731,agreeableness,low,0.5555555555555556,0.5115127480393091,0.9559571924837535,0.4444444444444444,-0.05555555555555558,0.48848725196069087,-0.011512748039309129
unrelated_trait_vector,trait_agreeableness_00732,agreeableness,low,0.5555555555555556,0.5007840395441079,0.9452284839885523,0.4444444444444444,-0.05555555555555558,0.4992159604558921,-0.000784039544107884
unrelated_trait_vector,trait_agreeableness_00733,agreeableness,low,0.5555555555555556,0.47662033990232616,0.9210647843467705,0.4444444444444444,-0.05555555555555558,0.5233796600976739,0.023379660097673893
unrelated_trait_vector,trait_agreeableness_00734,agreeableness,low,0.5555555555555556,0.5521514529102634,0.9965958973547078,0.4444444444444444,-0.05555555555555558,0.44784854708973665,-0.05215145291026335
unrelated_trait_vector,trait_agreeableness_00735,agreeableness,low,0.5555555555555556,0.4303031924095876,0.874747636854032,0.4444444444444444,-0.05555555555555558,0.5696968075904124,0.06969680759041241
unrelated_trait_vector,trait_agreeableness_00736,agreeableness,low,0.5555555555555556,0.4935264511931904,0.9379708956376348,0.4444444444444444,-0.05555555555555558,0.5064735488068096,0.006473548806809615
unrelated_trait_vector,trait_agreeableness_00737,agreeableness,low,0.5555555555555556,0.4616156678910354,0.9060601123354799,0.4444444444444444,-0.05555555555555558,0.5383843321089645,0.038384332108964525
unrelated_trait_vector,trait_agreeableness_00738,agreeableness,low,0.5555555555555556,0.5153848077242134,0.9598292521686578,0.4444444444444444,-0.05555555555555558,0.48461519227578664,-0.015384807724213356
unrelated_trait_vector,trait_agreeableness_00739,agreeableness,low,0.5555555555555556,0.4965193941670566,0.940963838611501,0.4444444444444444,-0.05555555555555558,0.5034806058329434,0.0034806058329434064
unrelated_trait_vector,trait_agreeableness_00740,agreeableness,low,0.5555555555555556,0.4745584577322006,0.919002902176645,0.4444444444444444,-0.05555555555555558,0.5254415422677994,0.025441542267799377
unrelated_trait_vector,trait_agreeableness_00741,agreeableness,low,0.5555555555555556,0.5178591310977936,0.962303575542238,0.4444444444444444,-0.05555555555555558,0.4821408689022064,-0.01785913109779358
unrelated_trait_vector,trait_agreeableness_00742,agreeableness,low,0.5555555555555556,0.4465923144397829,0.8910367588842274,0.4444444444444444,-0.05555555555555558,0.553407685560217,0.05340768556021702
unrelated_trait_vector,trait_agreeableness_00743,agreeableness,low,0.5555555555555556,0.4430967222259914,0.8875411666704358,0.4444444444444444,-0.05555555555555558,0.5569032777740086,0.05690327777400861
unrelated_trait_vector,trait_agreeableness_00744,agreeableness,low,0.5555555555555556,0.4968600793269312,0.9413045237713756,0.4444444444444444,-0.05555555555555558,0.5031399206730688,0.0031399206730687856
unrelated_trait_vector,trait_agreeableness_00745,agreeableness,low,0.5555555555555556,0.5166532618306091,0.9610977062750535,0.4444444444444444,-0.05555555555555558,0.4833467381693909,-0.016653261830609112
unrelated_trait_vector,trait_agreeableness_00746,agreeableness,low,0.5555555555555556,0.5714037248047982,0.9841518307507574,0.4444444444444444,-0.05555555555555558,0.4285962751952018,-0.07140372480479817
unrelated_trait_vector,trait_agreeableness_00747,agreeableness,low,0.5555555555555556,0.5042609423398972,0.9487053867843416,0.4444444444444444,-0.05555555555555558,0.49573905766010284,-0.004260942339897156
unrelated_trait_vector,trait_agreeableness_00748,agreeableness,low,0.5555555555555556,0.3892431375158768,0.8336875819603212,0.4444444444444444,-0.05555555555555558,0.6107568624841232,0.1107568624841232
unrelated_trait_vector,trait_agreeableness_00749,agreeableness,low,0.5555555555555556,0.39228160358314523,0.8367260480275897,0.4444444444444444,-0.05555555555555558,0.6077183964168548,0.10771839641685477
unrelated_trait_vector,trait_agreeableness_00750,agreeableness,low,0.5555555555555556,0.4699561455858903,0.9144005900303347,0.4444444444444444,-0.05555555555555558,0.5300438544141097,0.030043854414109727
as_pas_only,trait_agreeableness_00701,agreeableness,high,0.5555555555555556,0.5307341157228105,0.9751785601672549,0.5555555555555556,0.05555555555555558,0.5307341157228105,0.030734115722810484
as_pas_only,trait_agreeableness_00702,agreeableness,high,0.5555555555555556,0.4658853352419137,0.9103297796863581,0.5555555555555556,0.05555555555555558,0.4658853352419137,-0.03411466475808628
as_pas_only,trait_agreeableness_00703,agreeableness,high,0.5555555555555556,0.4769891862715417,0.921433630715986,0.5555555555555556,0.05555555555555558,0.4769891862715417,-0.023010813728458313
as_pas_only,trait_agreeableness_00704,agreeableness,high,0.5555555555555556,0.48936228422410144,0.9338067286685459,0.5555555555555556,0.05555555555555558,0.48936228422410144,-0.01063771577589856
as_pas_only,trait_agreeableness_00705,agreeableness,high,0.5555555555555556,0.6711852352497761,0.8843703203057794,0.5555555555555556,0.05555555555555558,0.6711852352497761,0.17118523524977614
as_pas_only,trait_agreeableness_00706,agreeableness,high,0.5555555555555556,0.5062437653541565,0.9506882097986009,0.5555555555555556,0.05555555555555558,0.5062437653541565,0.006243765354156494
as_pas_only,trait_agreeableness_00707,agreeableness,high,0.5555555555555556,0.5444806542683037,0.9889250987127481,0.5555555555555556,0.05555555555555558,0.5444806542683037,0.04448065426830372
as_pas_only,trait_agreeableness_00708,agreeableness,high,0.5555555555555556,0.4935134420926453,0.9379578865370897,0.5555555555555556,0.05555555555555558,0.4935134420926453,-0.006486557907354695
as_pas_only,trait_agreeableness_00709,agreeableness,high,0.5555555555555556,0.5933221219975072,0.9622334335580484,0.5555555555555556,0.05555555555555558,0.5933221219975072,0.09332212199750722
as_pas_only,trait_agreeableness_00710,agreeableness,high,0.5555555555555556,0.6299998445808818,0.9255557109746738,0.5555555555555556,0.05555555555555558,0.6299998445808818,0.12999984458088176
as_pas_only,trait_agreeableness_00711,agreeableness,high,0.5555555555555556,0.46488642313771006,0.9093308675821545,0.5555555555555556,0.05555555555555558,0.46488642313771006,-0.03511357686228994
as_pas_only,trait_agreeableness_00712,agreeableness,high,0.5555555555555556,0.5629622209954924,0.9925933345600632,0.5555555555555556,0.05555555555555558,0.5629622209954924,0.06296222099549242
as_pas_only,trait_agreeableness_00713,agreeableness,high,0.5555555555555556,0.5491090931131081,0.9935535375575525,0.5555555555555556,0.05555555555555558,0.5491090931131081,0.04910909311310807
as_pas_only,trait_agreeableness_00714,agreeableness,high,0.5555555555555556,0.5584615850219367,0.9970939705336189,0.5555555555555556,0.05555555555555558,0.5584615850219367,0.05846158502193666
as_pas_only,trait_agreeableness_00715,agreeableness,high,0.5555555555555556,0.5421452199134099,0.9865896643578543,0.5555555555555556,0.05555555555555558,0.5421452199134099,0.042145219913409915
as_pas_only,trait_agreeableness_00716,agreeableness,high,0.5555555555555556,0.5879369044871735,0.9676186510683821,0.5555555555555556,0.05555555555555558,0.5879369044871735,0.0879369044871735
as_pas_only,trait_agreeableness_00717,agreeableness,high,0.5555555555555556,0.5278153262193404,0.9722597706637848,0.5555555555555556,0.05555555555555558,0.5278153262193404,0.027815326219340353
as_pas_only,trait_agreeableness_00718,agreeableness,high,0.5555555555555556,0.4893637591221189,0.9338082035665634,0.5555555555555556,0.05555555555555558,0.4893637591221189,-0.01063624087788112
as_pas_only,trait_agreeableness_00719,agreeableness,high,0.5555555555555556,0.4818057207907944,0.9262501652352388,0.5555555555555556,0.05555555555555558,0.4818057207907944,-0.018194279209205577
as_pas_only,trait_agreeableness_00720,agreeableness,high,0.5555555555555556,0.5765526294708252,0.9790029260847304,0.5555555555555556,0.05555555555555558,0.5765526294708252,0.0765526294708252
as_pas_only,trait_agreeableness_00721,agreeableness,high,0.5555555555555556,0.5082653238137763,0.9527097682582207,0.5555555555555556,0.05555555555555558,0.5082653238137763,0.008265323813776315
as_pas_only,trait_agreeableness_00722,agreeableness,high,0.5555555555555556,0.5896256336904495,0.9659299218651061,0.5555555555555556,0.05555555555555558,0.5896256336904495,0.08962563369044951
as_pas_only,trait_agreeableness_00723,agreeableness,high,0.5555555555555556,0.5489233732223511,0.9933678176667955,0.5555555555555556,0.05555555555555558,0.5489233732223511,0.048923373222351074
as_pas_only,trait_agreeableness_00724,agreeableness,high,0.5555555555555556,0.6223634276146207,0.9331921279409349,0.5555555555555556,0.05555555555555558,0.6223634276146207,0.12236342761462071
as_pas_only,trait_agreeableness_00725,agreeableness,high,0.5555555555555556,0.5818139786068791,0.9737415769486765,0.5555555555555556,0.05555555555555558,0.5818139786068791,0.08181397860687911
as_pas_only,trait_agreeableness_00726,agreeableness,high,0.5555555555555556,0.5522352441479192,0.9966796885923637,0.5555555555555556,0.05555555555555558,0.5522352441479192,0.052235244147919246
as_pas_only,trait_agreeableness_00727,agreeableness,high,0.5555555555555556,0.5649129411630069,0.9906426143925486,0.5555555555555556,0.05555555555555558,0.5649129411630069,0.06491294116300694
as_pas_only,trait_agreeableness_00728,agreeableness,high,0.5555555555555556,0.5028631763803345,0.9473076208247789,0.5555555555555556,0.05555555555555558,0.5028631763803345,0.002863176380334509
as_pas_only,trait_agreeableness_00729,agreeableness,high,0.5555555555555556,0.5049559845781925,0.9494004290226369,0.5555555555555556,0.05555555555555558,0.5049559845781925,0.004955984578192463
as_pas_only,trait_agreeableness_00730,agreeableness,high,0.5555555555555556,0.42619693474448733,0.8706413791889318,0.5555555555555556,0.05555555555555558,0.42619693474448733,-0.07380306525551267
as_pas_only,trait_agreeableness_00731,agreeableness,high,0.5555555555555556,0.5348199328672846,0.979264377311729,0.5555555555555556,0.05555555555555558,0.5348199328672846,0.034819932867284575
as_pas_only,trait_agreeableness_00732,agreeableness,high,0.5555555555555556,0.4986671209732556,0.9431115654177,0.5555555555555556,0.05555555555555558,0.4986671209732556,-0.0013328790267443935
as_pas_only,trait_agreeableness_00733,agreeableness,high,0.5555555555555556,0.49693039059638977,0.9413748350408342,0.5555555555555556,0.05555555555555558,0.49693039059638977,-0.0030696094036102295
as_pas_only,trait_agreeableness_00734,agreeableness,high,0.5555555555555556,0.552267472243237,0.9967119166876814,0.5555555555555556,0.05555555555555558,0.552267472243237,0.05226747224323702
as_pas_only,trait_agreeableness_00735,agreeableness,high,0.5555555555555556,0.47100872676035493,0.9154531712047993,0.5555555555555556,0.05555555555555558,0.47100872676035493,-0.028991273239645066
as_pas_only,trait_agreeableness_00736,agreeableness,high,0.5555555555555556,0.5692801136207513,0.9862754419348043,0.5555555555555556,0.05555555555555558,0.5692801136207513,0.06928011362075126
as_pas_only,trait_agreeableness_00737,agreeableness,high,0.5555555555555556,0.5007967725039971,0.9452412169484415,0.5555555555555556,0.05555555555555558,0.5007967725039971,0.000796772503997123
as_pas_only,trait_agreeableness_00738,agreeableness,high,0.5555555555555556,0.5068921738661372,0.9513366183105816,0.5555555555555556,0.05555555555555558,0.5068921738661372,0.006892173866137163
as_pas_only,trait_agreeableness_00739,agreeableness,high,0.5555555555555556,0.5201508623339107,0.9645953067783551,0.5555555555555556,0.05555555555555558,0.5201508623339107,0.020150862333910724
as_pas_only,trait_agreeableness_00740,agreeableness,high,0.5555555555555556,0.4807467603906024,0.9251912048350468,0.5555555555555556,0.05555555555555558,0.4807467603906024,-0.01925323960939762
as_pas_only,trait_agreeableness_00741,agreeableness,high,0.5555555555555556,0.5809552371501923,0.9746003184053633,0.5555555555555556,0.05555555555555558,0.5809552371501923,0.08095523715019226
as_pas_only,trait_agreeableness_00742,agreeableness,high,0.5555555555555556,0.46361885490873045,0.9080632993531749,0.5555555555555556,0.05555555555555558,0.46361885490873045,-0.03638114509126955
as_pas_only,trait_agreeableness_00743,agreeableness,high,0.5555555555555556,0.5195469111204147,0.9639913555648592,0.5555555555555556,0.05555555555555558,0.5195469111204147,0.019546911120414734
as_pas_only,trait_agreeableness_00744,agreeableness,high,0.5555555555555556,0.532841682434082,0.9772861268785265,0.5555555555555556,0.05555555555555558,0.532841682434082,0.03284168243408203
as_pas_only,trait_agreeableness_00745,agreeableness,high,0.5555555555555556,0.6201419162665656,0.93541363928899,0.5555555555555556,0.05555555555555558,0.6201419162665656,0.12014191626656556
as_pas_only,trait_agreeableness_00746,agreeableness,high,0.5555555555555556,0.5991993129014764,0.9563562426540791,0.5555555555555556,0.05555555555555558,0.5991993129014764,0.09919931290147643
as_pas_only,trait_agreeableness_00747,agreeableness,high,0.5555555555555556,0.6010464638315668,0.9545090917239888,0.5555555555555556,0.05555555555555558,0.6010464638315668,0.10104646383156679
as_pas_only,trait_agreeableness_00748,agreeableness,high,0.5555555555555556,0.4323567341353456,0.87680117857979,0.5555555555555556,0.05555555555555558,0.4323567341353456,-0.06764326586465441
as_pas_only,trait_agreeableness_00749,agreeableness,high,0.5555555555555556,0.4634111374616623,0.9078555819061067,0.5555555555555556,0.05555555555555558,0.4634111374616623,-0.03658886253833771
as_pas_only,trait_agreeableness_00750,agreeableness,high,0.5555555555555556,0.5057722700042008,0.9502167144486452,0.5555555555555556,0.05555555555555558,0.5057722700042008,0.005772270004200775
as_pas_only,trait_agreeableness_00701,agreeableness,low,0.5555555555555556,0.40573285239138757,0.850177296835832,0.4444444444444444,-0.05555555555555558,0.5942671476086124,0.09426714760861243
as_pas_only,trait_agreeableness_00702,agreeableness,low,0.5555555555555556,0.4380558179939904,0.8825002624384348,0.4444444444444444,-0.05555555555555558,0.5619441820060096,0.061944182006009596
as_pas_only,trait_agreeableness_00703,agreeableness,low,0.5555555555555556,0.4415247059095607,0.8859691503540051,0.4444444444444444,-0.05555555555555558,0.5584752940904393,0.05847529409043928
as_pas_only,trait_agreeableness_00704,agreeableness,low,0.5555555555555556,0.42799341249426676,0.8724378569387112,0.4444444444444444,-0.05555555555555558,0.5720065875057332,0.07200658750573319
as_pas_only,trait_agreeableness_00705,agreeableness,low,0.5555555555555556,0.4778795909565626,0.922324035401007,0.4444444444444444,-0.05555555555555558,0.5221204090434374,0.022120409043437372
as_pas_only,trait_agreeableness_00706,agreeableness,low,0.5555555555555556,0.43444879157688593,0.8788932360213304,0.4444444444444444,-0.05555555555555558,0.565551208423114,0.06555120842311402
as_pas_only,trait_agreeableness_00707,agreeableness,low,0.5555555555555556,0.4744692507894002,0.9189136952338446,0.4444444444444444,-0.05555555555555558,0.5255307492105998,0.025530749210599835
as_pas_only,trait_agreeableness_00708,agreeableness,low,0.5555555555555556,0.3650472178331264,0.8094916622775707,0.4444444444444444,-0.05555555555555558,0.6349527821668737,0.13495278216687367
as_pas_only,trait_agreeableness_00709,agreeableness,low,0.5555555555555556,0.48848503031514723,0.9329294747595916,0.4444444444444444,-0.05555555555555558,0.5115149696848528,0.011514969684852772
as_pas_only,trait_agreeableness_00710,agreeableness,low,0.5555555555555556,0.41030116990657406,0.8547456143510185,0.4444444444444444,-0.05555555555555558,0.5896988300934259,0.08969883009342594
as_pas_only,trait_agreeableness_00711,agreeableness,low,0.5555555555555556,0.38348657116978935,0.8279310156142338,0.4444444444444444,-0.05555555555555558,0.6165134288302107,0.11651342883021065
as_pas_only,trait_agreeableness_00712,agreeableness,low,0.5555555555555556,0.4826399987149239,0.9270844431593683,0.4444444444444444,-0.05555555555555558,0.5173600012850761,0.017360001285076088
as_pas_only,trait_agreeableness_00713,agreeableness,low,0.5555555555555556,0.464038610458374,0.9084830549028184,0.4444444444444444,-0.05555555555555558,0.535961389541626,0.03596138954162598
as_pas_only,trait_agreeableness_00714,agreeableness,low,0.5555555555555556,0.4591442564002314,0.9035887008446758,0.4444444444444444,-0.05555555555555558,0.5408557435997686,0.040855743599768624
as_pas_only,trait_agreeableness_00715,agreeableness,low,0.5555555555555556,0.5051231385804158,0.9495675830248602,0.4444444444444444,-0.05555555555555558,0.4948768614195842,-0.005123138580415798
as_pas_only,trait_agreeableness_00716,agreeableness,low,0.5555555555555556,0.4051533993987203,0.8495978438431647,0.4444444444444444,-0.05555555555555558,0.5948466006012797,0.0948466006012797
as_pas_only,trait_agreeableness_00717,agreeableness,low,0.5555555555555556,0.47158740545548783,0.9160318498999322,0.4444444444444444,-0.05555555555555558,0.5284125945445122,0.02841259454451217
as_pas_only,trait_agreeableness_00718,agreeableness,low,0.5555555555555556,0.4343266402829683,0.8787710847274127,0.4444444444444444,-0.05555555555555558,0.5656733597170317,0.0656733597170317
as_pas_only,trait_agreeableness_00719,agreeableness,low,0.5555555555555556,0.4275897145271301,0.8720341589715745,0.4444444444444444,-0.05555555555555558,0.5724102854728699,0.07241028547286987
as_pas_only,trait_agreeableness_00720,agreeableness,low,0.5555555555555556,0.35269433173413584,0.7971387761785802,0.4444444444444444,-0.05555555555555558,0.6473056682658642,0.14730566826586422
as_pas_only,trait_agreeableness_00721,agreeableness,low,0.5555555555555556,0.5058154537407241,0.9502598981851685,0.4444444444444444,-0.05555555555555558,0.4941845462592759,-0.005815453740724119
as_pas_only,trait_agreeableness_00722,agreeableness,low,0.5555555555555556,0.5011291950268033,0.9455736394712477,0.4444444444444444,-0.05555555555555558,0.4988708049731967,-0.001129195026803309
as_pas_only,trait_agreeableness_00723,agreeableness,low,0.5555555555555556,0.4095900810949565,0.8540345255394008,0.4444444444444444,-0.05555555555555558,0.5904099189050436,0.09040991890504357
as_pas_only,trait_agreeableness_00724,agreeableness,low,0.5555555555555556,0.5720781471144877,0.9834774084410679,0.4444444444444444,-0.05555555555555558,0.4279218528855123,-0.07207814711448768
as_pas_only,trait_agreeableness_00725,agreeableness,low,0.5555555555555556,0.5238581377842745,0.9683025822287189,0.4444444444444444,-0.05555555555555558,0.4761418622157255,-0.02385813778427448
as_pas_only,trait_agreeableness_00726,agreeableness,low,0.5555555555555556,0.5335638980139463,0.9780083424583907,0.4444444444444444,-0.05555555555555558,0.4664361019860537,-0.033563898013946325
as_pas_only,trait_agreeableness_00727,agreeableness,low,0.5555555555555556,0.46787208318710327,0.9123165276315477,0.4444444444444444,-0.05555555555555558,0.5321279168128967,0.03212791681289673
as_pas_only,trait_agreeableness_00728,agreeableness,low,0.5555555555555556,0.4750887382762322,0.9195331827206766,0.4444444444444444,-0.05555555555555558,0.5249112617237678,0.024911261723767786
as_pas_only,trait_agreeableness_00729,agreeableness,low,0.5555555555555556,0.5226955427345957,0.9671399871790402,0.4444444444444444,-0.05555555555555558,0.47730445726540427,-0.02269554273459573
as_pas_only,trait_agreeableness_00730,agreeableness,low,0.5555555555555556,0.3355062453967521,0.7799506898411965,0.4444444444444444,-0.05555555555555558,0.6644937546032479,0.1644937546032479
as_pas_only,trait_agreeableness_00731,agreeableness,low,0.5555555555555556,0.48366499619178455,0.9281094406362289,0.4444444444444444,-0.05555555555555558,0.5163350038082155,0.01633500380821551
as_pas_only,trait_agreeableness_00732,agreeableness,low,0.5555555555555556,0.3977970093160422,0.8422414537604866,0.4444444444444444,-0.05555555555555558,0.6022029906839578,0.10220299068395777
as_pas_only,trait_agreeableness_00733,agreeableness,low,0.5555555555555556,0.5126087967338799,0.9570532411783244,0.4444444444444444,-0.05555555555555558,0.48739120326612007,-0.012608796733879934
as_pas_only,trait_agreeableness_00734,agreeableness,low,0.5555555555555556,0.5189267772276219,0.9633712216720663,0.4444444444444444,-0.05555555555555558,0.4810732227723781,-0.018926777227621927
as_pas_only,trait_agreeableness_00735,agreeableness,low,0.5555555555555556,0.4143211456287078,0.8587655900731522,0.4444444444444444,-0.05555555555555558,0.5856788543712922,0.08567885437129219
as_pas_only,trait_agreeableness_00736,agreeableness,low,0.5555555555555556,0.4601831665607815,0.9046276110052259,0.4444444444444444,-0.05555555555555558,0.5398168334392185,0.03981683343921849
as_pas_only,trait_agreeableness_00737,agreeableness,low,0.5555555555555556,0.4484016104103575,0.8928460548548018,0.4444444444444444,-0.05555555555555558,0.5515983895896426,0.05159838958964258
as_pas_only,trait_agreeableness_00738,agreeableness,low,0.5555555555555556,0.48465587875198773,0.9291003231964321,0.4444444444444444,-0.05555555555555558,0.5153441212480123,0.015344121248012321
as_pas_only,trait_agreeableness_00739,agreeableness,low,0.5555555555555556,0.5116578427196279,0.9561022871640723,0.4444444444444444,-0.05555555555555558,0.4883421572803721,-0.011657842719627887
as_pas_only,trait_agreeableness_00740,agreeableness,low,0.5555555555555556,0.437344427227478,0.8817888716719224,0.4444444444444444,-0.05555555555555558,0.562655572772522,0.06265557277252198
as_pas_only,trait_agreeableness_00741,agreeableness,low,0.5555555555555556,0.45759398679760155,0.902038431242046,0.4444444444444444,-0.05555555555555558,0.5424060132023985,0.04240601320239845
as_pas_only,trait_agreeableness_00742,agreeableness,low,0.5555555555555556,0.383678674697876,0.8281231191423204,0.4444444444444444,-0.05555555555555558,0.616321325302124,0.11632132530212402
as_pas_only,trait_agreeableness_00743,agreeableness,low,0.5555555555555556,0.4331650669401129,0.8776095113845573,0.4444444444444444,-0.05555555555555558,0.5668349330598871,0.06683493305988708
as_pas_only,trait_agreeableness_00744,agreeableness,low,0.5555555555555556,0.3894704605402258,0.8339149049846702,0.4444444444444444,-0.05555555555555558,0.6105295394597742,0.11052953945977417
as_pas_only,trait_agreeableness_00745,agreeableness,low,0.5555555555555556,0.4749447427739433,0.9193891872183877,0.4444444444444444,-0.05555555555555558,0.5250552572260567,0.025055257226056726
as_pas_only,trait_agreeableness_00746,agreeableness,low,0.5555555555555556,0.501322723984244,0.9457671684286885,0.4444444444444444,-0.05555555555555558,0.49867727601575595,-0.0013227239842440452
as_pas_only,trait_agreeableness_00747,agreeableness,low,0.5555555555555556,0.45644967387766616,0.9008941183221106,0.4444444444444444,-0.05555555555555558,0.5435503261223338,0.04355032612233378
as_pas_only,trait_agreeableness_00748,agreeableness,low,0.5555555555555556,0.3012181103955573,0.7456625548400018,0.4444444444444444,-0.05555555555555558,0.6987818896044427,0.19878188960444265
as_pas_only,trait_agreeableness_00749,agreeableness,low,0.5555555555555556,0.3891966938972473,0.8336411383416917,0.4444444444444444,-0.05555555555555558,0.6108033061027527,0.11080330610275269
as_pas_only,trait_agreeableness_00750,agreeableness,low,0.5555555555555556,0.4106861265105922,0.8551305709550366,0.4444444444444444,-0.05555555555555558,0.5893138734894078,0.08931387348940778
